dataset,condition,target_index,target_total,target,pose_model,input_rank,tradock_rank,score,dockq,irmsd,crmsd,intersection,classification,success,status,message,pred_rec,pred_lig
DB5,holo,1,218,2I9B,hdock_1,1,1,-0.722236,0.972000,0.237685,0.255566,1.093934,high,1,done,,/root/PPCBench/dataset/DB5/structures/2I9B/2I9B_r_b.pdb,/root/PPCBench/results/DB5/hdock_1/2I9B/2I9B_hdock_1_id.pdb
DB5,holo,2,218,3V6Z,hdock_1,1,1,-0.691245,0.944000,0.485159,0.618161,1.186212,high,1,done,,/root/PPCBench/dataset/DB5/structures/3V6Z/3V6Z_r_b.pdb,/root/PPCBench/results/DB5/hdock_1/3V6Z/3V6Z_hdock_1_id.pdb
DB5,holo,3,218,2W9E,hdock_1,1,1,-0.740385,0.955000,0.354841,0.566245,0.266287,high,1,done,,/root/PPCBench/dataset/DB5/structures/2W9E/2W9E_r_b.pdb,/root/PPCBench/results/DB5/hdock_1/2W9E/2W9E_hdock_1_id.pdb
DB5,holo,4,218,1F34,hdock_1,1,1,-0.730500,0.990000,0.235552,0.239546,3.091966,high,1,done,,/root/PPCBench/dataset/DB5/structures/1F34/1F34_r_b.pdb,/root/PPCBench/results/DB5/hdock_1/1F34/1F34_hdock_1_id.pdb
DB5,holo,5,218,1ACB,hdock_1,1,1,-0.728744,0.933000,0.279118,0.655579,3.437103,high,1,done,,/root/PPCBench/dataset/DB5/structures/1ACB/1ACB_r_b.pdb,/root/PPCBench/results/DB5/hdock_1/1ACB/1ACB_hdock_1_id.pdb
DB5,holo,6,218,4POU,hdock_1,1,1,-0.677225,0.996000,0.128110,0.158653,1.636668,high,1,done,,/root/PPCBench/dataset/DB5/structures/4POU/4POU_r_b.pdb,/root/PPCBench/results/DB5/hdock_1/4POU/4POU_hdock_1_id.pdb
DB5,holo,7,218,1IRA,hdock_1,1,1,-0.692679,0.962000,0.397460,0.414808,1.453528,high,1,done,,/root/PPCBench/dataset/DB5/structures/1IRA/1IRA_r_b.pdb,/root/PPCBench/results/DB5/hdock_1/1IRA/1IRA_hdock_1_id.pdb
DB5,holo,8,218,2J7P,hdock_1,1,1,-0.679918,0.992000,0.166914,0.187699,1.149604,high,1,done,,/root/PPCBench/dataset/DB5/structures/2J7P/2J7P_r_b.pdb,/root/PPCBench/results/DB5/hdock_1/2J7P/2J7P_hdock_1_id.pdb
DB5,holo,9,218,1Z5Y,hdock_1,1,1,-0.716658,0.963000,0.212938,0.421132,1.096199,high,1,done,,/root/PPCBench/dataset/DB5/structures/1Z5Y/1Z5Y_r_b.pdb,/root/PPCBench/results/DB5/hdock_1/1Z5Y/1Z5Y_hdock_1_id.pdb
DB5,holo,10,218,1KAC,hdock_1,1,1,-0.813945,0.988000,0.274394,0.256654,0.661903,high,1,done,,/root/PPCBench/dataset/DB5/structures/1KAC/1KAC_r_b.pdb,/root/PPCBench/results/DB5/hdock_1/1KAC/1KAC_hdock_1_id.pdb
DB5,holo,11,218,1RV6,hdock_1,1,1,-0.708893,0.979000,0.344671,0.373278,0.198318,high,1,done,,/root/PPCBench/dataset/DB5/structures/1RV6/1RV6_r_b.pdb,/root/PPCBench/results/DB5/hdock_1/1RV6/1RV6_hdock_1_id.pdb
DB5,holo,12,218,2VXT,hdock_1,1,1,-0.761994,0.995000,0.173992,0.159484,0.956737,high,1,done,,/root/PPCBench/dataset/DB5/structures/2VXT/2VXT_r_b.pdb,/root/PPCBench/results/DB5/hdock_1/2VXT/2VXT_hdock_1_id.pdb
DB5,holo,13,218,1OYV,hdock_1,1,1,-0.709241,0.960000,0.323593,0.424209,3.231501,high,1,done,,/root/PPCBench/dataset/DB5/structures/1OYV/1OYV_r_b.pdb,/root/PPCBench/results/DB5/hdock_1/1OYV/1OYV_hdock_1_id.pdb
DB5,holo,14,218,3S9D,hdock_1,1,1,-0.714048,0.996000,0.191634,0.143146,1.029440,high,1,done,,/root/PPCBench/dataset/DB5/structures/3S9D/3S9D_r_b.pdb,/root/PPCBench/results/DB5/hdock_1/3S9D/3S9D_hdock_1_id.pdb
DB5,holo,15,218,1KXP,hdock_1,1,1,-0.694982,0.973000,0.338261,0.340629,0.350022,high,1,done,,/root/PPCBench/dataset/DB5/structures/1KXP/1KXP_r_b.pdb,/root/PPCBench/results/DB5/hdock_1/1KXP/1KXP_hdock_1_id.pdb
DB5,holo,16,218,3P57,hdock_1,1,1,-0.716708,0.018000,9.406371,17.418756,0.157141,unacceptable,0,done,,/root/PPCBench/dataset/DB5/structures/3P57/3P57_r_b.pdb,/root/PPCBench/results/DB5/hdock_1/3P57/3P57_hdock_1_id.pdb
DB5,holo,17,218,2HLE,hdock_1,1,1,-0.695049,0.976000,0.246745,0.367881,1.600025,high,1,done,,/root/PPCBench/dataset/DB5/structures/2HLE/2HLE_r_b.pdb,/root/PPCBench/results/DB5/hdock_1/2HLE/2HLE_hdock_1_id.pdb
DB5,holo,18,218,1GLA,hdock_1,1,1,-0.712731,0.006000,29.551405,23.231255,1.063147,unacceptable,0,done,,/root/PPCBench/dataset/DB5/structures/1GLA/1GLA_r_b.pdb,/root/PPCBench/results/DB5/hdock_1/1GLA/1GLA_hdock_1_id.pdb
DB5,holo,19,218,1IB1,hdock_1,1,1,-0.736622,0.980000,0.192962,0.225538,0.828985,high,1,done,,/root/PPCBench/dataset/DB5/structures/1IB1/1IB1_r_b.pdb,/root/PPCBench/results/DB5/hdock_1/1IB1/1IB1_hdock_1_id.pdb
DB5,holo,20,218,2AJF,hdock_1,1,1,-0.710039,0.976000,0.350477,0.365577,0.507506,high,1,done,,/root/PPCBench/dataset/DB5/structures/2AJF/2AJF_r_b.pdb,/root/PPCBench/results/DB5/hdock_1/2AJF/2AJF_hdock_1_id.pdb
DB5,holo,21,218,5O1R,hdock_1,1,1,-0.693586,0.986000,0.270488,0.243891,0.763424,high,1,done,,/root/PPCBench/dataset/DB5/structures/5O1R/5O1R_r_b.pdb,/root/PPCBench/results/DB5/hdock_1/5O1R/5O1R_hdock_1_id.pdb
DB5,holo,22,218,1HE8,hdock_1,1,1,-0.717749,0.004000,26.575705,30.196556,0.230811,unacceptable,0,done,,/root/PPCBench/dataset/DB5/structures/1HE8/1HE8_r_b.pdb,/root/PPCBench/results/DB5/hdock_1/1HE8/1HE8_hdock_1_id.pdb
DB5,holo,23,218,4JCV,hdock_1,1,1,-0.751553,0.007000,25.411282,25.963610,0.530476,unacceptable,0,done,,/root/PPCBench/dataset/DB5/structures/4JCV/4JCV_r_b.pdb,/root/PPCBench/results/DB5/hdock_1/4JCV/4JCV_hdock_1_id.pdb
DB5,holo,24,218,3RVW,hdock_1,1,1,-0.687238,0.968000,0.339626,0.537225,0.072815,high,1,done,,/root/PPCBench/dataset/DB5/structures/3RVW/3RVW_r_b.pdb,/root/PPCBench/results/DB5/hdock_1/3RVW/3RVW_hdock_1_id.pdb
DB5,holo,25,218,1H1V,hdock_1,1,1,-0.746621,0.972000,0.313168,0.342704,0.740885,high,1,done,,/root/PPCBench/dataset/DB5/structures/1H1V/1H1V_r_b.pdb,/root/PPCBench/results/DB5/hdock_1/1H1V/1H1V_hdock_1_id.pdb
DB5,holo,26,218,5KOV,hdock_1,1,1,-0.754825,0.991000,0.151932,0.276890,0.385156,high,1,done,,/root/PPCBench/dataset/DB5/structures/5KOV/5KOV_r_b.pdb,/root/PPCBench/results/DB5/hdock_1/5KOV/5KOV_hdock_1_id.pdb
DB5,holo,27,218,1EZU,hdock_1,1,1,-0.771643,0.993000,0.193601,0.204225,1.648259,high,1,done,,/root/PPCBench/dataset/DB5/structures/1EZU/1EZU_r_b.pdb,/root/PPCBench/results/DB5/hdock_1/1EZU/1EZU_hdock_1_id.pdb
DB5,holo,28,218,6DBG,hdock_1,1,1,-0.709461,0.988000,0.255595,0.305771,0.219781,high,1,done,,/root/PPCBench/dataset/DB5/structures/6DBG/6DBG_r_b.pdb,/root/PPCBench/results/DB5/hdock_1/6DBG/6DBG_hdock_1_id.pdb
DB5,holo,29,218,2FJU,hdock_1,1,1,-0.693634,0.005000,26.694130,29.136229,0.263009,unacceptable,0,done,,/root/PPCBench/dataset/DB5/structures/2FJU/2FJU_r_b.pdb,/root/PPCBench/results/DB5/hdock_1/2FJU/2FJU_hdock_1_id.pdb
DB5,holo,30,218,1PXV,hdock_1,1,1,-0.708815,0.983000,0.165869,0.322492,2.849344,high,1,done,,/root/PPCBench/dataset/DB5/structures/1PXV/1PXV_r_b.pdb,/root/PPCBench/results/DB5/hdock_1/1PXV/1PXV_hdock_1_id.pdb
DB5,holo,31,218,1MLC,hdock_1,1,1,-0.685735,0.983000,0.322171,0.292771,1.175247,high,1,done,,/root/PPCBench/dataset/DB5/structures/1MLC/1MLC_r_b.pdb,/root/PPCBench/results/DB5/hdock_1/1MLC/1MLC_hdock_1_id.pdb
DB5,holo,32,218,3HMX,hdock_1,1,1,-0.687765,0.957000,0.519555,0.577795,0.526943,high,1,done,,/root/PPCBench/dataset/DB5/structures/3HMX/3HMX_r_b.pdb,/root/PPCBench/results/DB5/hdock_1/3HMX/3HMX_hdock_1_id.pdb
DB5,holo,33,218,2I25,hdock_1,1,1,-0.725411,0.969000,0.258096,0.415476,1.429496,high,1,done,,/root/PPCBench/dataset/DB5/structures/2I25/2I25_r_b.pdb,/root/PPCBench/results/DB5/hdock_1/2I25/2I25_hdock_1_id.pdb
DB5,holo,34,218,1XQS,hdock_1,1,1,-0.702442,0.985000,0.247179,0.237689,0.425262,high,1,done,,/root/PPCBench/dataset/DB5/structures/1XQS/1XQS_r_b.pdb,/root/PPCBench/results/DB5/hdock_1/1XQS/1XQS_hdock_1_id.pdb
DB5,holo,35,218,1M10,hdock_1,1,1,-0.722572,0.970000,0.279519,0.394977,0.750820,high,1,done,,/root/PPCBench/dataset/DB5/structures/1M10/1M10_r_b.pdb,/root/PPCBench/results/DB5/hdock_1/1M10/1M10_hdock_1_id.pdb
DB5,holo,36,218,1I2M,hdock_1,1,1,-0.729802,0.988000,0.230085,0.263626,0.847942,high,1,done,,/root/PPCBench/dataset/DB5/structures/1I2M/1I2M_r_b.pdb,/root/PPCBench/results/DB5/hdock_1/1I2M/1I2M_hdock_1_id.pdb
DB5,holo,37,218,2Z0E,hdock_1,1,1,-0.700781,0.990000,0.222350,0.279078,2.313074,high,1,done,,/root/PPCBench/dataset/DB5/structures/2Z0E/2Z0E_r_b.pdb,/root/PPCBench/results/DB5/hdock_1/2Z0E/2Z0E_hdock_1_id.pdb
DB5,holo,38,218,1LFD,hdock_1,1,1,-0.740550,0.993000,0.181242,0.206074,1.592422,high,1,done,,/root/PPCBench/dataset/DB5/structures/1LFD/1LFD_r_b.pdb,/root/PPCBench/results/DB5/hdock_1/1LFD/1LFD_hdock_1_id.pdb
DB5,holo,39,218,1PVH,hdock_1,1,1,-0.751158,0.967000,0.355458,0.654571,0.701553,high,1,done,,/root/PPCBench/dataset/DB5/structures/1PVH/1PVH_r_b.pdb,/root/PPCBench/results/DB5/hdock_1/1PVH/1PVH_hdock_1_id.pdb
DB5,holo,40,218,6A0Z,hdock_1,1,1,-0.722486,0.926000,0.368340,0.793336,0.390676,high,1,done,,/root/PPCBench/dataset/DB5/structures/6A0Z/6A0Z_r_b.pdb,/root/PPCBench/results/DB5/hdock_1/6A0Z/6A0Z_hdock_1_id.pdb
DB5,holo,41,218,2VIS,hdock_1,1,1,-0.695401,0.016000,15.121778,21.602270,1.377580,unacceptable,0,done,,/root/PPCBench/dataset/DB5/structures/2VIS/2VIS_r_b.pdb,/root/PPCBench/results/DB5/hdock_1/2VIS/2VIS_hdock_1_id.pdb
DB5,holo,42,218,4G6M,hdock_1,1,1,-0.752305,0.992000,0.184474,0.197505,0.227403,high,1,done,,/root/PPCBench/dataset/DB5/structures/4G6M/4G6M_r_b.pdb,/root/PPCBench/results/DB5/hdock_1/4G6M/4G6M_hdock_1_id.pdb
DB5,holo,43,218,1M27,hdock_1,1,1,-0.653632,0.014000,15.370935,16.498348,0.606298,unacceptable,0,done,,/root/PPCBench/dataset/DB5/structures/1M27/1M27_r_b.pdb,/root/PPCBench/results/DB5/hdock_1/1M27/1M27_hdock_1_id.pdb
DB5,holo,44,218,1IJK,hdock_1,1,1,-0.734650,0.991000,0.235955,0.244596,0.071577,high,1,done,,/root/PPCBench/dataset/DB5/structures/1IJK/1IJK_r_b.pdb,/root/PPCBench/results/DB5/hdock_1/1IJK/1IJK_hdock_1_id.pdb
DB5,holo,45,218,3R9A,hdock_1,1,1,-0.830942,0.982000,0.322329,0.444990,0.295384,high,1,done,,/root/PPCBench/dataset/DB5/structures/3R9A/3R9A_r_b.pdb,/root/PPCBench/results/DB5/hdock_1/3R9A/3R9A_hdock_1_id.pdb
DB5,holo,46,218,5Y9J,hdock_1,1,1,-0.705586,0.991000,0.198955,0.271415,0.271194,high,1,done,,/root/PPCBench/dataset/DB5/structures/5Y9J/5Y9J_r_b.pdb,/root/PPCBench/results/DB5/hdock_1/5Y9J/5Y9J_hdock_1_id.pdb
DB5,holo,47,218,1HCF,hdock_1,1,1,-0.671912,0.971000,0.339867,0.381904,1.035539,high,1,done,,/root/PPCBench/dataset/DB5/structures/1HCF/1HCF_r_b.pdb,/root/PPCBench/results/DB5/hdock_1/1HCF/1HCF_hdock_1_id.pdb
DB5,holo,48,218,3PC8,hdock_1,1,1,-0.701496,0.984000,0.274445,0.301027,1.099156,high,1,done,,/root/PPCBench/dataset/DB5/structures/3PC8/3PC8_r_b.pdb,/root/PPCBench/results/DB5/hdock_1/3PC8/3PC8_hdock_1_id.pdb
DB5,holo,49,218,1AK4,hdock_1,1,1,-0.723766,0.050000,9.255823,10.697096,0.877766,unacceptable,0,done,,/root/PPCBench/dataset/DB5/structures/1AK4/1AK4_r_b.pdb,/root/PPCBench/results/DB5/hdock_1/1AK4/1AK4_hdock_1_id.pdb
DB5,holo,50,218,2GAF,hdock_1,1,1,-0.778243,0.984000,0.282601,0.262935,0.732810,high,1,done,,/root/PPCBench/dataset/DB5/structures/2GAF/2GAF_r_b.pdb,/root/PPCBench/results/DB5/hdock_1/2GAF/2GAF_hdock_1_id.pdb
DB5,holo,51,218,1FQ1,hdock_1,1,1,-0.678677,0.966000,0.282545,0.395251,0.489423,high,1,done,,/root/PPCBench/dataset/DB5/structures/1FQ1/1FQ1_r_b.pdb,/root/PPCBench/results/DB5/hdock_1/1FQ1/1FQ1_hdock_1_id.pdb
DB5,holo,52,218,1I4D,hdock_1,1,1,-0.708560,0.963000,0.332857,0.526935,0.256446,high,1,done,,/root/PPCBench/dataset/DB5/structures/1I4D/1I4D_r_b.pdb,/root/PPCBench/results/DB5/hdock_1/1I4D/1I4D_hdock_1_id.pdb
DB5,holo,54,218,3EO1,hdock_1,1,1,-0.699118,0.017000,14.931576,12.795693,0.635080,unacceptable,0,done,,/root/PPCBench/dataset/DB5/structures/3EO1/3EO1_r_b.pdb,/root/PPCBench/results/DB5/hdock_1/3EO1/3EO1_hdock_1_id.pdb
DB5,holo,55,218,3LVK,hdock_1,1,1,-0.711287,0.008000,20.719908,17.445835,2.053146,unacceptable,0,done,,/root/PPCBench/dataset/DB5/structures/3LVK/3LVK_r_b.pdb,/root/PPCBench/results/DB5/hdock_1/3LVK/3LVK_hdock_1_id.pdb
DB5,holo,56,218,6A77,hdock_1,1,1,-0.707281,0.989000,0.252756,0.216217,0.798309,high,1,done,,/root/PPCBench/dataset/DB5/structures/6A77/6A77_r_b.pdb,/root/PPCBench/results/DB5/hdock_1/6A77/6A77_hdock_1_id.pdb
DB5,holo,57,218,2YVJ,hdock_1,1,1,-0.698386,0.083000,11.680935,8.016748,0.960372,unacceptable,0,done,,/root/PPCBench/dataset/DB5/structures/2YVJ/2YVJ_r_b.pdb,/root/PPCBench/results/DB5/hdock_1/2YVJ/2YVJ_hdock_1_id.pdb
DB5,holo,58,218,7CEI,hdock_1,1,1,-0.679362,0.980000,0.257021,0.302961,0.901344,high,1,done,,/root/PPCBench/dataset/DB5/structures/7CEI/7CEI_r_b.pdb,/root/PPCBench/results/DB5/hdock_1/7CEI/7CEI_hdock_1_id.pdb
DB5,holo,59,218,1RKE,hdock_1,1,1,-0.732541,0.982000,0.198654,0.310251,0.646245,high,1,done,,/root/PPCBench/dataset/DB5/structures/1RKE/1RKE_r_b.pdb,/root/PPCBench/results/DB5/hdock_1/1RKE/1RKE_hdock_1_id.pdb
DB5,holo,60,218,3K75,hdock_1,1,1,-0.710783,0.013000,15.484825,21.972248,0.443128,unacceptable,0,done,,/root/PPCBench/dataset/DB5/structures/3K75/3K75_r_b.pdb,/root/PPCBench/results/DB5/hdock_1/3K75/3K75_hdock_1_id.pdb
DB5,holo,61,218,1JTG,hdock_1,1,1,-0.714240,0.972000,0.249947,0.309335,0.439284,high,1,done,,/root/PPCBench/dataset/DB5/structures/1JTG/1JTG_r_b.pdb,/root/PPCBench/results/DB5/hdock_1/1JTG/1JTG_hdock_1_id.pdb
DB5,holo,62,218,5SV3,hdock_1,1,1,-0.689703,0.988000,0.225301,0.250165,1.469758,high,1,done,,/root/PPCBench/dataset/DB5/structures/5SV3/5SV3_r_b.pdb,/root/PPCBench/results/DB5/hdock_1/5SV3/5SV3_hdock_1_id.pdb
DB5,holo,63,218,1ATN,hdock_1,1,1,-0.683656,0.966000,0.314567,0.590317,1.162615,high,1,done,,/root/PPCBench/dataset/DB5/structures/1ATN/1ATN_r_b.pdb,/root/PPCBench/results/DB5/hdock_1/1ATN/1ATN_hdock_1_id.pdb
DB5,holo,64,218,3MXW,hdock_1,1,1,-0.736062,0.981000,0.268403,0.274472,0.373215,high,1,done,,/root/PPCBench/dataset/DB5/structures/3MXW/3MXW_r_b.pdb,/root/PPCBench/results/DB5/hdock_1/3MXW/3MXW_hdock_1_id.pdb
DB5,holo,65,218,2X9A,hdock_1,1,1,-0.744395,0.992000,0.223380,0.215348,3.876797,high,1,done,,/root/PPCBench/dataset/DB5/structures/2X9A/2X9A_r_b.pdb,/root/PPCBench/results/DB5/hdock_1/2X9A/2X9A_hdock_1_id.pdb
DB5,holo,66,218,3H2V,hdock_1,1,1,-0.775949,0.963000,0.261568,0.580472,1.677719,high,1,done,,/root/PPCBench/dataset/DB5/structures/3H2V/3H2V_r_b.pdb,/root/PPCBench/results/DB5/hdock_1/3H2V/3H2V_hdock_1_id.pdb
DB5,holo,67,218,6OC3,hdock_1,1,1,-0.702370,0.021000,14.607712,14.018636,0.869851,unacceptable,0,done,,/root/PPCBench/dataset/DB5/structures/6OC3/6OC3_r_b.pdb,/root/PPCBench/results/DB5/hdock_1/6OC3/6OC3_hdock_1_id.pdb
DB5,holo,68,218,1WDW,hdock_1,1,1,-0.659826,0.980000,0.279608,0.275096,0.728859,high,1,done,,/root/PPCBench/dataset/DB5/structures/1WDW/1WDW_r_b.pdb,/root/PPCBench/results/DB5/hdock_1/1WDW/1WDW_hdock_1_id.pdb
DB5,holo,70,218,1JIW,hdock_1,1,1,-0.750945,0.990000,0.087056,0.090653,1.295566,high,1,done,,/root/PPCBench/dataset/DB5/structures/1JIW/1JIW_r_b.pdb,/root/PPCBench/results/DB5/hdock_1/1JIW/1JIW_hdock_1_id.pdb
DB5,holo,71,218,2SIC,hdock_1,1,1,-0.707016,0.991000,0.148619,0.302261,2.724445,high,1,done,,/root/PPCBench/dataset/DB5/structures/2SIC/2SIC_r_b.pdb,/root/PPCBench/results/DB5/hdock_1/2SIC/2SIC_hdock_1_id.pdb
DB5,holo,72,218,4IZ7,hdock_1,1,1,-0.747059,0.978000,0.243782,0.240952,0.864086,high,1,done,,/root/PPCBench/dataset/DB5/structures/4IZ7/4IZ7_r_b.pdb,/root/PPCBench/results/DB5/hdock_1/4IZ7/4IZ7_hdock_1_id.pdb
DB5,holo,73,218,3A4S,hdock_1,1,1,-0.654454,0.156000,6.904034,7.368887,0.583964,unacceptable,0,done,,/root/PPCBench/dataset/DB5/structures/3A4S/3A4S_r_b.pdb,/root/PPCBench/results/DB5/hdock_1/3A4S/3A4S_hdock_1_id.pdb
DB5,holo,74,218,3BP8,hdock_1,1,1,-0.717725,0.977000,0.215499,0.178538,1.246557,high,1,done,,/root/PPCBench/dataset/DB5/structures/3BP8/3BP8_r_b.pdb,/root/PPCBench/results/DB5/hdock_1/3BP8/3BP8_hdock_1_id.pdb
DB5,holo,75,218,1JMO,hdock_1,1,1,-0.717180,0.995000,0.147045,0.183028,1.213766,high,1,done,,/root/PPCBench/dataset/DB5/structures/1JMO/1JMO_r_b.pdb,/root/PPCBench/results/DB5/hdock_1/1JMO/1JMO_hdock_1_id.pdb
DB5,holo,76,218,1GRN,hdock_1,1,1,-0.708699,0.990000,0.253122,0.249799,0.813933,high,1,done,,/root/PPCBench/dataset/DB5/structures/1GRN/1GRN_r_b.pdb,/root/PPCBench/results/DB5/hdock_1/1GRN/1GRN_hdock_1_id.pdb
DB5,holo,77,218,1MQ8,hdock_1,1,1,-0.659550,0.012000,12.939420,16.570004,0.785247,unacceptable,0,done,,/root/PPCBench/dataset/DB5/structures/1MQ8/1MQ8_r_b.pdb,/root/PPCBench/results/DB5/hdock_1/1MQ8/1MQ8_hdock_1_id.pdb
DB5,holo,79,218,1CGI,hdock_1,1,1,-0.682987,0.994000,0.154501,0.169142,4.481983,high,1,done,,/root/PPCBench/dataset/DB5/structures/1CGI/1CGI_r_b.pdb,/root/PPCBench/results/DB5/hdock_1/1CGI/1CGI_hdock_1_id.pdb
DB5,holo,80,218,1TMQ,hdock_1,1,1,-0.740504,0.988000,0.286621,0.223048,1.538665,high,1,done,,/root/PPCBench/dataset/DB5/structures/1TMQ/1TMQ_r_b.pdb,/root/PPCBench/results/DB5/hdock_1/1TMQ/1TMQ_hdock_1_id.pdb
DB5,holo,81,218,6B0S,hdock_1,1,1,-0.729149,0.992000,0.209473,0.164384,1.694942,high,1,done,,/root/PPCBench/dataset/DB5/structures/6B0S/6B0S_r_b.pdb,/root/PPCBench/results/DB5/hdock_1/6B0S/6B0S_hdock_1_id.pdb
DB5,holo,82,218,3CPH,hdock_1,1,1,-0.681057,0.984000,0.290799,0.339211,0.675640,high,1,done,,/root/PPCBench/dataset/DB5/structures/3CPH/3CPH_r_b.pdb,/root/PPCBench/results/DB5/hdock_1/3CPH/3CPH_hdock_1_id.pdb
DB5,holo,83,218,1A2K,hdock_1,1,1,-0.681192,0.010000,13.991611,21.214817,0.819047,unacceptable,0,done,,/root/PPCBench/dataset/DB5/structures/1A2K/1A2K_r_b.pdb,/root/PPCBench/results/DB5/hdock_1/1A2K/1A2K_hdock_1_id.pdb
DB5,holo,84,218,4M5Z,hdock_1,1,1,-0.720134,0.989000,0.225107,0.243261,0.633687,high,1,done,,/root/PPCBench/dataset/DB5/structures/4M5Z/4M5Z_r_b.pdb,/root/PPCBench/results/DB5/hdock_1/4M5Z/4M5Z_hdock_1_id.pdb
DB5,holo,85,218,2A1A,hdock_1,1,1,-0.806048,0.007000,21.497328,24.874823,0.476040,unacceptable,0,done,,/root/PPCBench/dataset/DB5/structures/2A1A/2A1A_r_b.pdb,/root/PPCBench/results/DB5/hdock_1/2A1A/2A1A_hdock_1_id.pdb
DB5,holo,86,218,2MTA,hdock_1,1,1,-0.718897,0.961000,0.425720,0.447832,0.806002,high,1,done,,/root/PPCBench/dataset/DB5/structures/2MTA/2MTA_r_b.pdb,/root/PPCBench/results/DB5/hdock_1/2MTA/2MTA_hdock_1_id.pdb
DB5,holo,87,218,1F6M,hdock_1,1,1,-0.696252,0.991000,0.221227,0.210999,1.401608,high,1,done,,/root/PPCBench/dataset/DB5/structures/1F6M/1F6M_r_b.pdb,/root/PPCBench/results/DB5/hdock_1/1F6M/1F6M_hdock_1_id.pdb
DB5,holo,88,218,1JPS,hdock_1,1,1,-0.759235,0.990000,0.246481,0.221043,0.564038,high,1,done,,/root/PPCBench/dataset/DB5/structures/1JPS/1JPS_r_b.pdb,/root/PPCBench/results/DB5/hdock_1/1JPS/1JPS_hdock_1_id.pdb
DB5,holo,89,218,1JWH,hdock_1,1,1,-0.769817,0.018000,23.810036,23.586605,0.673739,unacceptable,0,done,,/root/PPCBench/dataset/DB5/structures/1JWH/1JWH_r_b.pdb,/root/PPCBench/results/DB5/hdock_1/1JWH/1JWH_hdock_1_id.pdb
DB5,holo,90,218,1S1Q,hdock_1,1,1,-0.712459,0.021000,14.246565,14.203808,0.603986,unacceptable,0,done,,/root/PPCBench/dataset/DB5/structures/1S1Q/1S1Q_r_b.pdb,/root/PPCBench/results/DB5/hdock_1/1S1Q/1S1Q_hdock_1_id.pdb
DB5,holo,91,218,4FP8,hdock_1,1,1,-0.715691,0.004000,33.512226,33.920307,1.148470,unacceptable,0,done,,/root/PPCBench/dataset/DB5/structures/4FP8/4FP8_r_b.pdb,/root/PPCBench/results/DB5/hdock_1/4FP8/4FP8_hdock_1_id.pdb
DB5,holo,92,218,4LW4,hdock_1,1,1,-0.815311,0.005000,31.479980,27.644817,0.757198,unacceptable,0,done,,/root/PPCBench/dataset/DB5/structures/4LW4/4LW4_r_b.pdb,/root/PPCBench/results/DB5/hdock_1/4LW4/4LW4_hdock_1_id.pdb
DB5,holo,93,218,2OT3,hdock_1,1,1,-0.700276,0.990000,0.177193,0.215287,1.342348,high,1,done,,/root/PPCBench/dataset/DB5/structures/2OT3/2OT3_r_b.pdb,/root/PPCBench/results/DB5/hdock_1/2OT3/2OT3_hdock_1_id.pdb
DB5,holo,94,218,1RLB,hdock_1,1,1,-0.687464,0.006000,19.619492,28.284241,0.598631,unacceptable,0,done,,/root/PPCBench/dataset/DB5/structures/1RLB/1RLB_r_b.pdb,/root/PPCBench/results/DB5/hdock_1/1RLB/1RLB_hdock_1_id.pdb
DB5,holo,95,218,2O3B,hdock_1,1,1,-0.730774,0.989000,0.208971,0.289750,0.472761,high,1,done,,/root/PPCBench/dataset/DB5/structures/2O3B/2O3B_r_b.pdb,/root/PPCBench/results/DB5/hdock_1/2O3B/2O3B_hdock_1_id.pdb
DB5,holo,96,218,2OOR,hdock_1,1,1,-0.717242,0.996000,0.159048,0.116758,1.032355,high,1,done,,/root/PPCBench/dataset/DB5/structures/2OOR/2OOR_r_b.pdb,/root/PPCBench/results/DB5/hdock_1/2OOR/2OOR_hdock_1_id.pdb
DB5,holo,97,218,1GPW,hdock_1,1,1,-0.699302,0.962000,0.332533,0.480571,0.887878,high,1,done,,/root/PPCBench/dataset/DB5/structures/1GPW/1GPW_r_b.pdb,/root/PPCBench/results/DB5/hdock_1/1GPW/1GPW_hdock_1_id.pdb
DB5,holo,98,218,1E4K,hdock_1,1,1,-0.765317,0.011000,19.891792,20.980824,0.337129,unacceptable,0,done,,/root/PPCBench/dataset/DB5/structures/1E4K/1E4K_r_b.pdb,/root/PPCBench/results/DB5/hdock_1/1E4K/1E4K_hdock_1_id.pdb
DB5,holo,99,218,1ZHI,hdock_1,1,1,-0.693633,0.989000,0.146605,0.334743,0.771389,high,1,done,,/root/PPCBench/dataset/DB5/structures/1ZHI/1ZHI_r_b.pdb,/root/PPCBench/results/DB5/hdock_1/1ZHI/1ZHI_hdock_1_id.pdb
DB5,holo,100,218,6EY6,hdock_1,1,1,-0.756569,0.974000,0.252313,0.310666,1.288390,high,1,done,,/root/PPCBench/dataset/DB5/structures/6EY6/6EY6_r_b.pdb,/root/PPCBench/results/DB5/hdock_1/6EY6/6EY6_hdock_1_id.pdb
DB5,holo,101,218,1Y64,hdock_1,1,1,-0.781721,0.907000,0.634169,0.915244,0.517979,high,1,done,,/root/PPCBench/dataset/DB5/structures/1Y64/1Y64_r_b.pdb,/root/PPCBench/results/DB5/hdock_1/1Y64/1Y64_hdock_1_id.pdb
DB5,holo,102,218,5GRJ,hdock_1,1,1,-0.708378,0.967000,0.308688,0.481281,0.866604,high,1,done,,/root/PPCBench/dataset/DB5/structures/5GRJ/5GRJ_r_b.pdb,/root/PPCBench/results/DB5/hdock_1/5GRJ/5GRJ_hdock_1_id.pdb
DB5,holo,103,218,4H03,hdock_1,1,1,-0.706335,0.043000,14.925338,13.973145,0.508491,unacceptable,0,done,,/root/PPCBench/dataset/DB5/structures/4H03/4H03_r_b.pdb,/root/PPCBench/results/DB5/hdock_1/4H03/4H03_hdock_1_id.pdb
DB5,holo,104,218,1EER,hdock_1,1,1,-0.684065,0.985000,0.193569,0.182557,1.333884,high,1,done,,/root/PPCBench/dataset/DB5/structures/1EER/1EER_r_b.pdb,/root/PPCBench/results/DB5/hdock_1/1EER/1EER_hdock_1_id.pdb
DB5,holo,106,218,1S78,hdock_1,1,1,-0.710362,0.977000,0.311877,0.549159,0.392942,high,1,done,,/root/PPCBench/dataset/DB5/structures/1S78/1S78_r_b.pdb,/root/PPCBench/results/DB5/hdock_1/1S78/1S78_hdock_1_id.pdb
DB5,holo,107,218,1SYX,hdock_1,1,1,-0.789115,0.987000,0.269281,0.262837,0.721472,high,1,done,,/root/PPCBench/dataset/DB5/structures/1SYX/1SYX_r_b.pdb,/root/PPCBench/results/DB5/hdock_1/1SYX/1SYX_hdock_1_id.pdb
DB5,holo,108,218,2GTP,hdock_1,1,1,-0.632846,0.015000,16.158089,18.649054,0.850964,unacceptable,0,done,,/root/PPCBench/dataset/DB5/structures/2GTP/2GTP_r_b.pdb,/root/PPCBench/results/DB5/hdock_1/2GTP/2GTP_hdock_1_id.pdb
DB5,holo,109,218,1DQJ,hdock_1,1,1,-0.728580,0.989000,0.261672,0.266699,0.926237,high,1,done,,/root/PPCBench/dataset/DB5/structures/1DQJ/1DQJ_r_b.pdb,/root/PPCBench/results/DB5/hdock_1/1DQJ/1DQJ_hdock_1_id.pdb
DB5,holo,110,218,5CBA,hdock_1,1,1,-0.689420,0.960000,0.265842,0.377849,0.927738,high,1,done,,/root/PPCBench/dataset/DB5/structures/5CBA/5CBA_r_b.pdb,/root/PPCBench/results/DB5/hdock_1/5CBA/5CBA_hdock_1_id.pdb
DB5,holo,111,218,4DN4,hdock_1,1,1,-0.670968,0.981000,0.319523,0.246962,0.382592,high,1,done,,/root/PPCBench/dataset/DB5/structures/4DN4/4DN4_r_b.pdb,/root/PPCBench/results/DB5/hdock_1/4DN4/4DN4_hdock_1_id.pdb
DB5,holo,112,218,3AAD,hdock_1,1,1,-0.679020,0.531000,2.818973,2.913350,0.383242,medium,1,done,,/root/PPCBench/dataset/DB5/structures/3AAD/3AAD_r_b.pdb,/root/PPCBench/results/DB5/hdock_1/3AAD/3AAD_hdock_1_id.pdb
DB5,holo,113,218,2HRK,hdock_1,1,1,-0.645660,0.991000,0.210327,0.227631,1.047217,high,1,done,,/root/PPCBench/dataset/DB5/structures/2HRK/2HRK_r_b.pdb,/root/PPCBench/results/DB5/hdock_1/2HRK/2HRK_hdock_1_id.pdb
DB5,holo,114,218,2A5T,hdock_1,1,1,-0.679163,0.993000,0.198706,0.199755,0.508767,high,1,done,,/root/PPCBench/dataset/DB5/structures/2A5T/2A5T_r_b.pdb,/root/PPCBench/results/DB5/hdock_1/2A5T/2A5T_hdock_1_id.pdb
DB5,holo,115,218,3WD5,hdock_1,1,1,-0.682557,0.988000,0.240421,0.317450,0.301618,high,1,done,,/root/PPCBench/dataset/DB5/structures/3WD5/3WD5_r_b.pdb,/root/PPCBench/results/DB5/hdock_1/3WD5/3WD5_hdock_1_id.pdb
DB5,holo,117,218,1JK9,hdock_1,1,1,-0.676698,0.983000,0.202935,0.260212,2.499518,high,1,done,,/root/PPCBench/dataset/DB5/structures/1JK9/1JK9_r_b.pdb,/root/PPCBench/results/DB5/hdock_1/1JK9/1JK9_hdock_1_id.pdb
DB5,holo,118,218,1WEJ,hdock_1,1,1,-0.833699,0.977000,0.337713,0.430712,0.366930,high,1,done,,/root/PPCBench/dataset/DB5/structures/1WEJ/1WEJ_r_b.pdb,/root/PPCBench/results/DB5/hdock_1/1WEJ/1WEJ_hdock_1_id.pdb
DB5,holo,119,218,1AZS,hdock_1,1,1,-0.715964,0.934000,0.482511,0.864398,0.389523,high,1,done,,/root/PPCBench/dataset/DB5/structures/1AZS/1AZS_r_b.pdb,/root/PPCBench/results/DB5/hdock_1/1AZS/1AZS_hdock_1_id.pdb
DB5,holo,120,218,1GCQ,hdock_1,1,1,-0.688032,0.981000,0.202761,0.319486,1.845624,high,1,done,,/root/PPCBench/dataset/DB5/structures/1GCQ/1GCQ_r_b.pdb,/root/PPCBench/results/DB5/hdock_1/1GCQ/1GCQ_hdock_1_id.pdb
DB5,holo,121,218,1BVN,hdock_1,1,1,-0.727939,0.968000,0.352080,0.268635,1.425204,high,1,done,,/root/PPCBench/dataset/DB5/structures/1BVN/1BVN_r_b.pdb,/root/PPCBench/results/DB5/hdock_1/1BVN/1BVN_hdock_1_id.pdb
DB5,holo,122,218,2DD8,hdock_1,1,1,-0.694950,0.945000,0.380740,0.586045,0.953058,high,1,done,,/root/PPCBench/dataset/DB5/structures/2DD8/2DD8_r_b.pdb,/root/PPCBench/results/DB5/hdock_1/2DD8/2DD8_hdock_1_id.pdb
DB5,holo,123,218,2OOB,hdock_1,1,1,-0.655330,0.076000,9.199056,10.187275,0.324057,unacceptable,0,done,,/root/PPCBench/dataset/DB5/structures/2OOB/2OOB_r_b.pdb,/root/PPCBench/results/DB5/hdock_1/2OOB/2OOB_hdock_1_id.pdb
DB5,holo,124,218,6CWG,hdock_1,1,1,-0.700969,0.006000,29.470787,24.735439,0.277606,unacceptable,0,done,,/root/PPCBench/dataset/DB5/structures/6CWG/6CWG_r_b.pdb,/root/PPCBench/results/DB5/hdock_1/6CWG/6CWG_hdock_1_id.pdb
DB5,holo,125,218,5C7X,hdock_1,1,1,-0.681485,0.970000,0.373169,0.378428,1.275847,high,1,done,,/root/PPCBench/dataset/DB5/structures/5C7X/5C7X_r_b.pdb,/root/PPCBench/results/DB5/hdock_1/5C7X/5C7X_hdock_1_id.pdb
DB5,holo,126,218,4ETQ,hdock_1,1,1,-0.687806,0.985000,0.293398,0.327637,0.439051,high,1,done,,/root/PPCBench/dataset/DB5/structures/4ETQ/4ETQ_r_b.pdb,/root/PPCBench/results/DB5/hdock_1/4ETQ/4ETQ_hdock_1_id.pdb
DB5,holo,127,218,2ABZ,hdock_1,1,1,-0.701284,0.955000,0.350859,0.383685,1.248230,high,1,done,,/root/PPCBench/dataset/DB5/structures/2ABZ/2ABZ_r_b.pdb,/root/PPCBench/results/DB5/hdock_1/2ABZ/2ABZ_hdock_1_id.pdb
DB5,holo,128,218,3BIW,hdock_1,1,1,-0.716343,0.009000,15.165099,21.061918,0.174460,unacceptable,0,done,,/root/PPCBench/dataset/DB5/structures/3BIW/3BIW_r_b.pdb,/root/PPCBench/results/DB5/hdock_1/3BIW/3BIW_hdock_1_id.pdb
DB5,holo,129,218,5X0T,hdock_1,1,1,-0.746308,0.941000,0.306202,0.509601,0.686682,high,1,done,,/root/PPCBench/dataset/DB5/structures/5X0T/5X0T_r_b.pdb,/root/PPCBench/results/DB5/hdock_1/5X0T/5X0T_hdock_1_id.pdb
DB5,holo,130,218,6BPC,hdock_1,1,1,-0.707193,0.015000,20.588951,25.500935,0.188207,unacceptable,0,done,,/root/PPCBench/dataset/DB5/structures/6BPC/6BPC_r_b.pdb,/root/PPCBench/results/DB5/hdock_1/6BPC/6BPC_hdock_1_id.pdb
DB5,holo,131,218,2AYO,hdock_1,1,1,-0.724472,0.990000,0.168678,0.121315,2.600570,high,1,done,,/root/PPCBench/dataset/DB5/structures/2AYO/2AYO_r_b.pdb,/root/PPCBench/results/DB5/hdock_1/2AYO/2AYO_hdock_1_id.pdb
DB5,holo,132,218,1FFW,hdock_1,1,1,-0.698247,0.988000,0.193597,0.267719,0.968092,high,1,done,,/root/PPCBench/dataset/DB5/structures/1FFW/1FFW_r_b.pdb,/root/PPCBench/results/DB5/hdock_1/1FFW/1FFW_hdock_1_id.pdb
DB5,holo,133,218,1DFJ,hdock_1,1,1,-0.718974,0.978000,0.255418,0.234644,0.369432,high,1,done,,/root/PPCBench/dataset/DB5/structures/1DFJ/1DFJ_r_b.pdb,/root/PPCBench/results/DB5/hdock_1/1DFJ/1DFJ_hdock_1_id.pdb
DB5,holo,135,218,1XD3,hdock_1,1,1,-0.732915,0.997000,0.127343,0.120272,2.702489,high,1,done,,/root/PPCBench/dataset/DB5/structures/1XD3/1XD3_r_b.pdb,/root/PPCBench/results/DB5/hdock_1/1XD3/1XD3_hdock_1_id.pdb
DB5,holo,136,218,4M76,hdock_1,1,1,-0.697977,0.007000,27.451872,22.289066,0.595946,unacceptable,0,done,,/root/PPCBench/dataset/DB5/structures/4M76/4M76_r_b.pdb,/root/PPCBench/results/DB5/hdock_1/4M76/4M76_hdock_1_id.pdb
DB5,holo,138,218,2A9K,hdock_1,1,1,-0.730226,0.992000,0.225081,0.226019,1.510518,high,1,done,,/root/PPCBench/dataset/DB5/structures/2A9K/2A9K_r_b.pdb,/root/PPCBench/results/DB5/hdock_1/2A9K/2A9K_hdock_1_id.pdb
DB5,holo,139,218,1B6C,hdock_1,1,1,-0.712912,0.967000,0.376287,0.383554,1.053834,high,1,done,,/root/PPCBench/dataset/DB5/structures/1B6C/1B6C_r_b.pdb,/root/PPCBench/results/DB5/hdock_1/1B6C/1B6C_hdock_1_id.pdb
DB5,holo,140,218,3DAW,hdock_1,1,1,-0.702986,0.995000,0.143658,0.170316,0.950370,high,1,done,,/root/PPCBench/dataset/DB5/structures/3DAW/3DAW_r_b.pdb,/root/PPCBench/results/DB5/hdock_1/3DAW/3DAW_hdock_1_id.pdb
DB5,holo,141,218,2SNI,hdock_1,1,1,-0.743944,0.996000,0.177746,0.127206,3.802500,high,1,done,,/root/PPCBench/dataset/DB5/structures/2SNI/2SNI_r_b.pdb,/root/PPCBench/results/DB5/hdock_1/2SNI/2SNI_hdock_1_id.pdb
DB5,holo,142,218,5VNW,hdock_1,1,1,-0.785213,0.006000,25.886583,25.198900,0.471346,unacceptable,0,done,,/root/PPCBench/dataset/DB5/structures/5VNW/5VNW_r_b.pdb,/root/PPCBench/results/DB5/hdock_1/5VNW/5VNW_hdock_1_id.pdb
DB5,holo,143,218,3D5S,hdock_1,1,1,-0.717502,0.011000,17.698963,18.276861,1.614795,unacceptable,0,done,,/root/PPCBench/dataset/DB5/structures/3D5S/3D5S_r_b.pdb,/root/PPCBench/results/DB5/hdock_1/3D5S/3D5S_hdock_1_id.pdb
DB5,holo,144,218,1ZHH,hdock_1,1,1,-0.697473,0.978000,0.318338,0.365180,1.213852,high,1,done,,/root/PPCBench/dataset/DB5/structures/1ZHH/1ZHH_r_b.pdb,/root/PPCBench/results/DB5/hdock_1/1ZHH/1ZHH_hdock_1_id.pdb
DB5,holo,145,218,1FAK,hdock_1,1,1,-0.702199,0.974000,0.321290,0.260742,0.357124,high,1,done,,/root/PPCBench/dataset/DB5/structures/1FAK/1FAK_r_b.pdb,/root/PPCBench/results/DB5/hdock_1/1FAK/1FAK_hdock_1_id.pdb
DB5,holo,146,218,1CLV,hdock_1,1,1,-0.720884,0.967000,0.405424,0.190154,2.223159,high,1,done,,/root/PPCBench/dataset/DB5/structures/1CLV/1CLV_r_b.pdb,/root/PPCBench/results/DB5/hdock_1/1CLV/1CLV_hdock_1_id.pdb
DB5,holo,147,218,3U7Y,hdock_1,1,1,-0.729665,0.984000,0.191413,0.297145,0.531723,high,1,done,,/root/PPCBench/dataset/DB5/structures/3U7Y/3U7Y_r_b.pdb,/root/PPCBench/results/DB5/hdock_1/3U7Y/3U7Y_hdock_1_id.pdb
DB5,holo,148,218,1HE1,hdock_1,1,1,-0.689093,0.983000,0.232333,0.265568,1.028539,high,1,done,,/root/PPCBench/dataset/DB5/structures/1HE1/1HE1_r_b.pdb,/root/PPCBench/results/DB5/hdock_1/1HE1/1HE1_hdock_1_id.pdb
DB5,holo,149,218,1OC0,hdock_1,1,1,-0.685875,0.989000,0.195486,0.173439,1.191561,high,1,done,,/root/PPCBench/dataset/DB5/structures/1OC0/1OC0_r_b.pdb,/root/PPCBench/results/DB5/hdock_1/1OC0/1OC0_hdock_1_id.pdb
DB5,holo,150,218,4DW2,hdock_1,1,1,-0.700553,0.911000,0.320636,0.842211,0.630599,high,1,done,,/root/PPCBench/dataset/DB5/structures/4DW2/4DW2_r_b.pdb,/root/PPCBench/results/DB5/hdock_1/4DW2/4DW2_hdock_1_id.pdb
DB5,holo,151,218,3AAA,hdock_1,1,1,-0.705518,0.973000,0.333742,0.353700,0.679695,high,1,done,,/root/PPCBench/dataset/DB5/structures/3AAA/3AAA_r_b.pdb,/root/PPCBench/results/DB5/hdock_1/3AAA/3AAA_hdock_1_id.pdb
DB5,holo,152,218,1EWY,hdock_1,1,1,-0.705118,0.056000,10.664213,10.142116,0.197738,unacceptable,0,done,,/root/PPCBench/dataset/DB5/structures/1EWY/1EWY_r_b.pdb,/root/PPCBench/results/DB5/hdock_1/1EWY/1EWY_hdock_1_id.pdb
DB5,holo,153,218,3L5W,hdock_1,1,1,-0.746537,0.987000,0.185017,0.285862,0.120249,high,1,done,,/root/PPCBench/dataset/DB5/structures/3L5W/3L5W_r_b.pdb,/root/PPCBench/results/DB5/hdock_1/3L5W/3L5W_hdock_1_id.pdb
DB5,holo,154,218,1VFB,hdock_1,1,1,-0.734246,0.063000,11.001385,12.863575,0.064810,unacceptable,0,done,,/root/PPCBench/dataset/DB5/structures/1VFB/1VFB_r_b.pdb,/root/PPCBench/results/DB5/hdock_1/1VFB/1VFB_hdock_1_id.pdb
DB5,holo,155,218,3VLB,hdock_1,1,1,-0.697798,0.967000,0.301338,0.464115,0.918368,high,1,done,,/root/PPCBench/dataset/DB5/structures/3VLB/3VLB_r_b.pdb,/root/PPCBench/results/DB5/hdock_1/3VLB/3VLB_hdock_1_id.pdb
DB5,holo,156,218,1MAH,hdock_1,1,1,-0.726049,0.965000,0.357053,0.250280,2.333795,high,1,done,,/root/PPCBench/dataset/DB5/structures/1MAH/1MAH_r_b.pdb,/root/PPCBench/results/DB5/hdock_1/1MAH/1MAH_hdock_1_id.pdb
DB5,holo,157,218,5O14,hdock_1,1,1,-0.738837,0.977000,0.240171,0.468564,0.614201,high,1,done,,/root/PPCBench/dataset/DB5/structures/5O14/5O14_r_b.pdb,/root/PPCBench/results/DB5/hdock_1/5O14/5O14_hdock_1_id.pdb
DB5,holo,158,218,1J2J,hdock_1,1,1,-0.679146,0.974000,0.338201,0.338039,0.653461,high,1,done,,/root/PPCBench/dataset/DB5/structures/1J2J/1J2J_r_b.pdb,/root/PPCBench/results/DB5/hdock_1/1J2J/1J2J_hdock_1_id.pdb
DB5,holo,159,218,1WQ1,hdock_1,1,1,-0.738523,0.991000,0.193782,0.244916,0.659151,high,1,done,,/root/PPCBench/dataset/DB5/structures/1WQ1/1WQ1_r_b.pdb,/root/PPCBench/results/DB5/hdock_1/1WQ1/1WQ1_hdock_1_id.pdb
DB5,holo,160,218,1BKD,hdock_1,1,1,-0.736613,0.986000,0.305268,0.285007,1.418912,high,1,done,,/root/PPCBench/dataset/DB5/structures/1BKD/1BKD_r_b.pdb,/root/PPCBench/results/DB5/hdock_1/1BKD/1BKD_hdock_1_id.pdb
DB5,holo,161,218,4FZA,hdock_1,1,1,-0.715935,0.010000,25.755367,24.581116,0.239844,unacceptable,0,done,,/root/PPCBench/dataset/DB5/structures/4FZA/4FZA_r_b.pdb,/root/PPCBench/results/DB5/hdock_1/4FZA/4FZA_hdock_1_id.pdb
DB5,holo,162,218,2VDB,hdock_1,1,1,-0.725814,0.993000,0.207116,0.122867,1.668394,high,1,done,,/root/PPCBench/dataset/DB5/structures/2VDB/2VDB_r_b.pdb,/root/PPCBench/results/DB5/hdock_1/2VDB/2VDB_hdock_1_id.pdb
DB5,holo,163,218,1T6B,hdock_1,1,1,-0.737355,0.949000,0.330622,0.568230,1.116997,high,1,done,,/root/PPCBench/dataset/DB5/structures/1T6B/1T6B_r_b.pdb,/root/PPCBench/results/DB5/hdock_1/1T6B/1T6B_hdock_1_id.pdb
DB5,holo,164,218,2PCC,hdock_1,1,1,-0.685985,0.011000,22.221474,17.767313,0.677215,unacceptable,0,done,,/root/PPCBench/dataset/DB5/structures/2PCC/2PCC_r_b.pdb,/root/PPCBench/results/DB5/hdock_1/2PCC/2PCC_hdock_1_id.pdb
DB5,holo,165,218,4G6J,hdock_1,1,1,-0.707717,0.989000,0.286906,0.207387,0.839667,high,1,done,,/root/PPCBench/dataset/DB5/structures/4G6J/4G6J_r_b.pdb,/root/PPCBench/results/DB5/hdock_1/4G6J/4G6J_hdock_1_id.pdb
DB5,holo,166,218,1GXD,hdock_1,1,1,-0.787279,0.958000,0.331957,0.527559,0.691571,high,1,done,,/root/PPCBench/dataset/DB5/structures/1GXD/1GXD_r_b.pdb,/root/PPCBench/results/DB5/hdock_1/1GXD/1GXD_hdock_1_id.pdb
DB5,holo,167,218,1QA9,hdock_1,1,1,-0.686141,0.013000,19.393147,17.197268,1.406438,unacceptable,0,done,,/root/PPCBench/dataset/DB5/structures/1QA9/1QA9_r_b.pdb,/root/PPCBench/results/DB5/hdock_1/1QA9/1QA9_hdock_1_id.pdb
DB5,holo,168,218,1GL1,hdock_1,1,1,-0.744428,0.969000,0.276947,0.306479,5.898880,high,1,done,,/root/PPCBench/dataset/DB5/structures/1GL1/1GL1_r_b.pdb,/root/PPCBench/results/DB5/hdock_1/1GL1/1GL1_hdock_1_id.pdb
DB5,holo,169,218,3BX7,hdock_1,1,1,-0.696074,0.990000,0.255936,0.243397,0.348320,high,1,done,,/root/PPCBench/dataset/DB5/structures/3BX7/3BX7_r_b.pdb,/root/PPCBench/results/DB5/hdock_1/3BX7/3BX7_hdock_1_id.pdb
DB5,holo,170,218,2NZ8,hdock_1,1,1,-0.721663,0.984000,0.247289,0.268160,0.525394,high,1,done,,/root/PPCBench/dataset/DB5/structures/2NZ8/2NZ8_r_b.pdb,/root/PPCBench/results/DB5/hdock_1/2NZ8/2NZ8_hdock_1_id.pdb
DB5,holo,171,218,1H9D,hdock_1,1,1,-0.668505,0.988000,0.162845,0.247372,3.753760,high,1,done,,/root/PPCBench/dataset/DB5/structures/1H9D/1H9D_r_b.pdb,/root/PPCBench/results/DB5/hdock_1/1H9D/1H9D_hdock_1_id.pdb
DB5,holo,172,218,1Z0K,hdock_1,1,1,-0.652317,0.988000,0.232127,0.249148,1.982832,high,1,done,,/root/PPCBench/dataset/DB5/structures/1Z0K/1Z0K_r_b.pdb,/root/PPCBench/results/DB5/hdock_1/1Z0K/1Z0K_hdock_1_id.pdb
DB5,holo,173,218,1JTD,hdock_1,1,1,-0.692464,0.985000,0.248463,0.239553,0.100575,high,1,done,,/root/PPCBench/dataset/DB5/structures/1JTD/1JTD_r_b.pdb,/root/PPCBench/results/DB5/hdock_1/1JTD/1JTD_hdock_1_id.pdb
DB5,holo,174,218,1E6E,hdock_1,1,1,-0.666542,0.968000,0.323136,0.291438,0.842491,high,1,done,,/root/PPCBench/dataset/DB5/structures/1E6E/1E6E_r_b.pdb,/root/PPCBench/results/DB5/hdock_1/1E6E/1E6E_hdock_1_id.pdb
DB5,holo,175,218,1AKJ,hdock_1,1,1,-0.704956,0.978000,0.215083,0.256558,0.603447,high,1,done,,/root/PPCBench/dataset/DB5/structures/1AKJ/1AKJ_r_b.pdb,/root/PPCBench/results/DB5/hdock_1/1AKJ/1AKJ_hdock_1_id.pdb
DB5,holo,176,218,2O8V,hdock_1,1,1,-0.651979,0.976000,0.261096,0.399720,1.737184,high,1,done,,/root/PPCBench/dataset/DB5/structures/2O8V/2O8V_r_b.pdb,/root/PPCBench/results/DB5/hdock_1/2O8V/2O8V_hdock_1_id.pdb
DB5,holo,177,218,5JMO,hdock_1,1,1,-0.749803,0.010000,18.356934,18.198629,1.037362,unacceptable,0,done,,/root/PPCBench/dataset/DB5/structures/5JMO/5JMO_r_b.pdb,/root/PPCBench/results/DB5/hdock_1/5JMO/5JMO_hdock_1_id.pdb
DB5,holo,178,218,4Y7M,hdock_1,1,1,-0.758698,0.930000,0.457709,0.723075,1.154696,high,1,done,,/root/PPCBench/dataset/DB5/structures/4Y7M/4Y7M_r_b.pdb,/root/PPCBench/results/DB5/hdock_1/4Y7M/4Y7M_hdock_1_id.pdb
DB5,holo,179,218,3SZK,hdock_1,1,1,-0.709276,0.015000,13.662432,17.883547,0.638541,unacceptable,0,done,,/root/PPCBench/dataset/DB5/structures/3SZK/3SZK_r_b.pdb,/root/PPCBench/results/DB5/hdock_1/3SZK/3SZK_hdock_1_id.pdb
DB5,holo,180,218,3HI6,hdock_1,1,1,-0.758061,0.987000,0.227995,0.295128,0.457296,high,1,done,,/root/PPCBench/dataset/DB5/structures/3HI6/3HI6_r_b.pdb,/root/PPCBench/results/DB5/hdock_1/3HI6/3HI6_hdock_1_id.pdb
DB5,holo,182,218,5E5M,hdock_1,1,1,-0.778093,0.995000,0.201878,0.158372,1.993039,high,1,done,,/root/PPCBench/dataset/DB5/structures/5E5M/5E5M_r_b.pdb,/root/PPCBench/results/DB5/hdock_1/5E5M/5E5M_hdock_1_id.pdb
DB5,holo,183,218,3MJ9,hdock_1,1,1,-0.708417,0.931000,0.594005,0.737795,1.106321,high,1,done,,/root/PPCBench/dataset/DB5/structures/3MJ9/3MJ9_r_b.pdb,/root/PPCBench/results/DB5/hdock_1/3MJ9/3MJ9_hdock_1_id.pdb
DB5,holo,184,218,1KTZ,hdock_1,1,1,-0.708042,0.017000,15.436779,17.959536,1.967080,unacceptable,0,done,,/root/PPCBench/dataset/DB5/structures/1KTZ/1KTZ_r_b.pdb,/root/PPCBench/results/DB5/hdock_1/1KTZ/1KTZ_hdock_1_id.pdb
DB5,holo,185,218,1GHQ,hdock_1,1,1,-0.672606,0.011000,12.641092,19.477068,0.830471,unacceptable,0,done,,/root/PPCBench/dataset/DB5/structures/1GHQ/1GHQ_r_b.pdb,/root/PPCBench/results/DB5/hdock_1/1GHQ/1GHQ_hdock_1_id.pdb
DB5,holo,186,218,4HX3,hdock_1,1,1,-0.700546,0.011000,15.852792,20.701675,1.954179,unacceptable,0,done,,/root/PPCBench/dataset/DB5/structures/4HX3/4HX3_r_b.pdb,/root/PPCBench/results/DB5/hdock_1/4HX3/4HX3_hdock_1_id.pdb
DB5,holo,187,218,3EOA,hdock_1,1,1,-0.691327,0.993000,0.151632,0.230567,0.343369,high,1,done,,/root/PPCBench/dataset/DB5/structures/3EOA/3EOA_r_b.pdb,/root/PPCBench/results/DB5/hdock_1/3EOA/3EOA_hdock_1_id.pdb
DB5,holo,188,218,1K5D,hdock_1,1,1,-0.731782,0.983000,0.382326,0.302148,1.134819,high,1,done,,/root/PPCBench/dataset/DB5/structures/1K5D/1K5D_r_b.pdb,/root/PPCBench/results/DB5/hdock_1/1K5D/1K5D_hdock_1_id.pdb
DB5,holo,189,218,1AY7,hdock_1,1,1,-0.673952,0.971000,0.186715,0.458471,0.885988,high,1,done,,/root/PPCBench/dataset/DB5/structures/1AY7/1AY7_r_b.pdb,/root/PPCBench/results/DB5/hdock_1/1AY7/1AY7_hdock_1_id.pdb
DB5,holo,190,218,3F1P,hdock_1,1,1,-0.718770,0.961000,0.486001,0.459157,0.024217,high,1,done,,/root/PPCBench/dataset/DB5/structures/3F1P/3F1P_r_b.pdb,/root/PPCBench/results/DB5/hdock_1/3F1P/3F1P_hdock_1_id.pdb
DB5,holo,191,218,1BUH,hdock_1,1,1,-0.693456,0.973000,0.383503,0.281455,0.147156,high,1,done,,/root/PPCBench/dataset/DB5/structures/1BUH/1BUH_r_b.pdb,/root/PPCBench/results/DB5/hdock_1/1BUH/1BUH_hdock_1_id.pdb
DB5,holo,192,218,1K74,hdock_1,1,1,-0.716271,0.985000,0.288022,0.275664,0.358653,high,1,done,,/root/PPCBench/dataset/DB5/structures/1K74/1K74_r_b.pdb,/root/PPCBench/results/DB5/hdock_1/1K74/1K74_hdock_1_id.pdb
DB5,holo,193,218,1UDI,hdock_1,1,1,-0.692880,0.969000,0.376243,0.419161,0.914258,high,1,done,,/root/PPCBench/dataset/DB5/structures/1UDI/1UDI_r_b.pdb,/root/PPCBench/results/DB5/hdock_1/1UDI/1UDI_hdock_1_id.pdb
DB5,holo,194,218,1HIA,hdock_1,1,1,-0.751622,0.988000,0.228284,0.160718,4.572402,high,1,done,,/root/PPCBench/dataset/DB5/structures/1HIA/1HIA_r_b.pdb,/root/PPCBench/results/DB5/hdock_1/1HIA/1HIA_hdock_1_id.pdb
DB5,holo,195,218,1EFN,hdock_1,1,1,-0.653354,0.981000,0.298253,0.361053,0.717302,high,1,done,,/root/PPCBench/dataset/DB5/structures/1EFN/1EFN_r_b.pdb,/root/PPCBench/results/DB5/hdock_1/1EFN/1EFN_hdock_1_id.pdb
DB5,holo,196,218,1AHW,hdock_1,1,1,-0.733732,0.956000,0.200240,0.454234,0.462132,high,1,done,,/root/PPCBench/dataset/DB5/structures/1AHW/1AHW_r_b.pdb,/root/PPCBench/results/DB5/hdock_1/1AHW/1AHW_hdock_1_id.pdb
DB5,holo,197,218,2FD6,hdock_1,1,1,-0.741132,0.266000,3.500478,4.380156,0.546902,acceptable,1,done,,/root/PPCBench/dataset/DB5/structures/2FD6/2FD6_r_b.pdb,/root/PPCBench/results/DB5/hdock_1/2FD6/2FD6_hdock_1_id.pdb
DB5,holo,198,218,2C0L,hdock_1,1,1,-0.749281,0.985000,0.189653,0.208775,1.242613,high,1,done,,/root/PPCBench/dataset/DB5/structures/2C0L/2C0L_r_b.pdb,/root/PPCBench/results/DB5/hdock_1/2C0L/2C0L_hdock_1_id.pdb
DB5,holo,200,218,2OUL,hdock_1,1,1,-0.703352,0.987000,0.185291,0.347005,2.421473,high,1,done,,/root/PPCBench/dataset/DB5/structures/2OUL/2OUL_r_b.pdb,/root/PPCBench/results/DB5/hdock_1/2OUL/2OUL_hdock_1_id.pdb
DB5,holo,201,218,3FN1,hdock_1,1,1,-0.656017,0.982000,0.310777,0.258389,2.654170,high,1,done,,/root/PPCBench/dataset/DB5/structures/3FN1/3FN1_r_b.pdb,/root/PPCBench/results/DB5/hdock_1/3FN1/3FN1_hdock_1_id.pdb
DB5,holo,202,218,1JZD,hdock_1,1,1,-0.718579,0.985000,0.231156,0.270721,1.895346,high,1,done,,/root/PPCBench/dataset/DB5/structures/1JZD/1JZD_r_b.pdb,/root/PPCBench/results/DB5/hdock_1/1JZD/1JZD_hdock_1_id.pdb
DB5,holo,203,218,2G77,hdock_1,1,1,-0.682870,0.989000,0.197760,0.191780,0.700170,high,1,done,,/root/PPCBench/dataset/DB5/structures/2G77/2G77_r_b.pdb,/root/PPCBench/results/DB5/hdock_1/2G77/2G77_hdock_1_id.pdb
DB5,holo,204,218,3SE8,hdock_1,1,1,-0.728735,0.990000,0.198289,0.285335,0.922072,high,1,done,,/root/PPCBench/dataset/DB5/structures/3SE8/3SE8_r_b.pdb,/root/PPCBench/results/DB5/hdock_1/3SE8/3SE8_hdock_1_id.pdb
DB5,holo,206,218,2BTF,hdock_1,1,1,-0.696076,0.989000,0.238631,0.238884,1.054369,high,1,done,,/root/PPCBench/dataset/DB5/structures/2BTF/2BTF_r_b.pdb,/root/PPCBench/results/DB5/hdock_1/2BTF/2BTF_hdock_1_id.pdb
DB5,holo,207,218,2HQS,hdock_1,1,1,-0.717115,0.991000,0.186456,0.157013,0.741557,high,1,done,,/root/PPCBench/dataset/DB5/structures/2HQS/2HQS_r_b.pdb,/root/PPCBench/results/DB5/hdock_1/2HQS/2HQS_hdock_1_id.pdb
DB5,holo,208,218,5WK3,hdock_1,1,1,-0.686767,0.984000,0.249252,0.248659,0.043483,high,1,done,,/root/PPCBench/dataset/DB5/structures/5WK3/5WK3_r_b.pdb,/root/PPCBench/results/DB5/hdock_1/5WK3/5WK3_hdock_1_id.pdb
DB5,holo,209,218,1R6Q,hdock_1,1,1,-0.715908,0.025000,10.849573,11.572998,0.580575,unacceptable,0,done,,/root/PPCBench/dataset/DB5/structures/1R6Q/1R6Q_r_b.pdb,/root/PPCBench/results/DB5/hdock_1/1R6Q/1R6Q_hdock_1_id.pdb
DB5,holo,210,218,1R0R,hdock_1,1,1,-0.744678,0.985000,0.205995,0.229524,5.115507,high,1,done,,/root/PPCBench/dataset/DB5/structures/1R0R/1R0R_r_b.pdb,/root/PPCBench/results/DB5/hdock_1/1R0R/1R0R_hdock_1_id.pdb
DB5,holo,211,218,1R8S,hdock_1,1,1,-0.704003,0.992000,0.178455,0.210611,1.494640,high,1,done,,/root/PPCBench/dataset/DB5/structures/1R8S/1R8S_r_b.pdb,/root/PPCBench/results/DB5/hdock_1/1R8S/1R8S_hdock_1_id.pdb
DB5,holo,212,218,1FCC,hdock_1,1,1,-0.715412,0.021000,15.358219,11.468710,2.328005,unacceptable,0,done,,/root/PPCBench/dataset/DB5/structures/1FCC/1FCC_r_b.pdb,/root/PPCBench/results/DB5/hdock_1/1FCC/1FCC_hdock_1_id.pdb
DB5,holo,213,218,3G6D,hdock_1,1,1,-0.764439,0.987000,0.314925,0.231476,0.670716,high,1,done,,/root/PPCBench/dataset/DB5/structures/3G6D/3G6D_r_b.pdb,/root/PPCBench/results/DB5/hdock_1/3G6D/3G6D_hdock_1_id.pdb
DB5,holo,214,218,1ZM4,hdock_1,1,1,-0.722258,0.029000,19.539278,12.913018,0.689236,unacceptable,0,done,,/root/PPCBench/dataset/DB5/structures/1ZM4/1ZM4_r_b.pdb,/root/PPCBench/results/DB5/hdock_1/1ZM4/1ZM4_hdock_1_id.pdb
DB5,holo,215,218,1XU1,hdock_1,1,1,-0.652532,0.988000,0.239106,0.176790,1.841371,high,1,done,,/root/PPCBench/dataset/DB5/structures/1XU1/1XU1_r_b.pdb,/root/PPCBench/results/DB5/hdock_1/1XU1/1XU1_hdock_1_id.pdb
DB5,holo,216,218,1KKL,hdock_1,1,1,-0.710235,0.011000,20.487320,16.950411,2.814868,unacceptable,0,done,,/root/PPCBench/dataset/DB5/structures/1KKL/1KKL_r_b.pdb,/root/PPCBench/results/DB5/hdock_1/1KKL/1KKL_hdock_1_id.pdb
DB5,holo,217,218,1FQJ,hdock_1,1,1,-0.689820,0.991000,0.176916,0.223210,0.943837,high,1,done,,/root/PPCBench/dataset/DB5/structures/1FQJ/1FQJ_r_b.pdb,/root/PPCBench/results/DB5/hdock_1/1FQJ/1FQJ_hdock_1_id.pdb
DB5,holo,218,218,2B4J,hdock_1,1,1,-0.733891,0.008000,25.081152,24.146795,0.610178,unacceptable,0,done,,/root/PPCBench/dataset/DB5/structures/2B4J/2B4J_r_b.pdb,/root/PPCBench/results/DB5/hdock_1/2B4J/2B4J_hdock_1_id.pdb
