dataset,condition,target_index,target_total,target,status,message,elapsed_sec,n_poses,n_valid,n_success_available,best_available_dockq,top1_pose_model,top1_score,top1_dockq,top1_irmsd,top1_crmsd,top1_classification,success@1,success@3,success@5,success@10,success@100
DB5-g-u,apo_geodock,1,218,2I9B,done,,2.881,1,1,0,0.064000,geodock,-0.783931,0.064000,8.118329,12.839299,unacceptable,0,0,0,0,0
DB5-g-u,apo_geodock,2,218,3V6Z,done,,3.734,1,1,0,0.047000,geodock,-0.780024,0.047000,10.380575,10.383134,unacceptable,0,0,0,0,0
DB5-g-u,apo_geodock,3,218,2W9E,done,,3.253,1,1,0,0.010000,geodock,-0.731930,0.010000,17.251049,20.613701,unacceptable,0,0,0,0,0
DB5-g-u,apo_geodock,4,218,1F34,done,,2.859,1,1,0,0.059000,geodock,-0.706967,0.059000,8.669460,6.800792,unacceptable,0,0,0,0,0
DB5-g-u,apo_geodock,5,218,1ACB,done,,1.872,1,1,0,0.134000,geodock,-0.724634,0.134000,6.385526,7.467220,unacceptable,0,0,0,0,0
DB5-g-u,apo_geodock,6,218,4POU,done,,1.583,1,1,0,0.020000,geodock,-0.707420,0.020000,10.502646,13.866513,unacceptable,0,0,0,0,0
DB5-g-u,apo_geodock,7,218,1IRA,done,,2.631,1,1,0,0.134000,geodock,-0.744896,0.134000,9.034527,6.369543,unacceptable,0,0,0,0,0
DB5-g-u,apo_geodock,8,218,2J7P,done,,3.399,1,1,1,0.542000,geodock,-0.673543,0.542000,1.447608,1.471288,medium,1,1,1,1,1
DB5-g-u,apo_geodock,9,218,1Z5Y,done,,1.635,1,1,0,0.093000,geodock,-0.663684,0.093000,7.798682,10.451563,unacceptable,0,0,0,0,0
DB5-g-u,apo_geodock,10,218,1KAC,done,,1.893,1,1,0,0.124000,geodock,-0.756625,0.124000,6.736071,5.981443,unacceptable,0,0,0,0,0
DB5-g-u,apo_geodock,11,218,1RV6,done,,1.851,1,1,0,0.069000,geodock,-0.729116,0.069000,8.063377,10.520605,unacceptable,0,0,0,0,0
DB5-g-u,apo_geodock,12,218,2VXT,done,,3.384,1,1,0,0.009000,geodock,-0.748939,0.009000,15.547562,23.464529,unacceptable,0,0,0,0,0
DB5-g-u,apo_geodock,13,218,1OYV,done,,2.292,1,1,0,0.025000,geodock,-0.725087,0.025000,12.760835,11.319378,unacceptable,0,0,0,0,0
DB5-g-u,apo_geodock,14,218,3S9D,done,,1.852,1,1,0,0.067000,geodock,-0.789037,0.067000,11.772521,15.307501,unacceptable,0,0,0,0,0
DB5-g-u,apo_geodock,15,218,1KXP,done,,4.560,1,1,1,0.272000,geodock,-0.690251,0.272000,2.662659,3.878973,acceptable,1,1,1,1,1
DB5-g-u,apo_geodock,16,218,3P57,done,,1.844,1,1,0,0.050000,geodock,-0.713254,0.050000,8.993014,19.102703,unacceptable,0,0,0,0,0
DB5-g-u,apo_geodock,17,218,2HLE,done,,1.894,1,1,0,0.010000,geodock,-0.786580,0.010000,18.711107,20.209509,unacceptable,0,0,0,0,0
DB5-g-u,apo_geodock,18,218,1GLA,done,,3.542,1,1,0,0.014000,geodock,-0.745128,0.014000,14.926872,17.565298,unacceptable,0,0,0,0,0
DB5-g-u,apo_geodock,19,218,1IB1,done,,3.861,1,1,0,0.030000,geodock,-0.608586,0.030000,17.506207,12.328367,unacceptable,0,0,0,0,0
DB5-g-u,apo_geodock,20,218,2AJF,done,,4.421,1,1,0,0.007000,geodock,-0.746516,0.007000,29.844292,21.746288,unacceptable,0,0,0,0,0
DB5-g-u,apo_geodock,21,218,5O1R,done,,3.247,1,1,0,0.009000,geodock,-0.708199,0.009000,21.571636,22.022764,unacceptable,0,0,0,0,0
DB5-g-u,apo_geodock,22,218,1HE8,done,,5.025,1,1,0,0.003000,geodock,-0.722580,0.003000,38.259075,38.234581,unacceptable,0,0,0,0,0
DB5-g-u,apo_geodock,23,218,4JCV,done,,5.643,1,1,0,0.006000,geodock,-0.742348,0.006000,25.672300,27.011707,unacceptable,0,0,0,0,0
DB5-g-u,apo_geodock,24,218,3RVW,done,,3.992,1,1,0,0.007000,geodock,-0.683727,0.007000,22.337963,28.501047,unacceptable,0,0,0,0,0
DB5-g-u,apo_geodock,25,218,1H1V,done,,3.772,1,1,0,0.020000,geodock,-0.695005,0.020000,10.237396,11.802520,unacceptable,0,0,0,0,0
DB5-g-u,apo_geodock,26,218,5KOV,done,,4.005,1,1,0,0.016000,geodock,-0.726288,0.016000,18.580229,17.941433,unacceptable,0,0,0,0,0
DB5-g-u,apo_geodock,27,218,1EZU,done,,2.986,1,1,0,0.010000,geodock,-0.748847,0.010000,26.904060,21.473619,unacceptable,0,0,0,0,0
DB5-g-u,apo_geodock,28,218,6DBG,done,,2.296,1,1,0,0.157000,geodock,-0.732192,0.157000,4.910901,4.722229,unacceptable,0,0,0,0,0
DB5-g-u,apo_geodock,29,218,2FJU,done,,5.073,1,1,0,0.007000,geodock,-0.670521,0.007000,17.753277,22.153547,unacceptable,0,0,0,0,0
DB5-g-u,apo_geodock,30,218,1PXV,done,,1.734,1,1,0,0.020000,geodock,-0.747222,0.020000,11.737350,15.690322,unacceptable,0,0,0,0,0
DB5-g-u,apo_geodock,31,218,1MLC,done,,3.277,1,1,0,0.009000,geodock,-0.754978,0.009000,20.350647,22.628693,unacceptable,0,0,0,0,0
DB5-g-u,apo_geodock,32,218,3HMX,done,,4.912,1,1,0,0.003000,geodock,-0.753641,0.003000,42.798992,36.912186,unacceptable,0,0,0,0,0
DB5-g-u,apo_geodock,33,218,2I25,done,,1.758,1,1,0,0.025000,geodock,-0.751733,0.025000,7.045463,18.134258,unacceptable,0,0,0,0,0
DB5-g-u,apo_geodock,34,218,1XQS,done,,2.622,1,1,0,0.023000,geodock,-0.709670,0.023000,15.938744,17.006088,unacceptable,0,0,0,0,0
DB5-g-u,apo_geodock,35,218,1M10,done,,2.669,1,1,0,0.053000,geodock,-0.716858,0.053000,9.861921,14.376853,unacceptable,0,0,0,0,0
DB5-g-u,apo_geodock,36,218,1I2M,done,,3.418,1,1,0,0.069000,geodock,-0.733573,0.069000,11.215010,9.426710,unacceptable,0,0,0,0,0
DB5-g-u,apo_geodock,37,218,2Z0E,done,,2.473,1,1,0,0.019000,geodock,-0.696624,0.019000,16.782703,22.986034,unacceptable,0,0,0,0,0
DB5-g-u,apo_geodock,38,218,1LFD,done,,1.693,1,1,0,0.046000,geodock,-0.743305,0.046000,14.865419,11.608076,unacceptable,0,0,0,0,0
DB5-g-u,apo_geodock,39,218,1PVH,done,,2.267,1,1,0,0.033000,geodock,-0.671143,0.033000,8.518280,19.207092,unacceptable,0,0,0,0,0
DB5-g-u,apo_geodock,40,218,6A0Z,done,,4.199,1,1,0,0.006000,geodock,-0.749982,0.006000,19.752972,32.484192,unacceptable,0,0,0,0,0
DB5-g-u,apo_geodock,41,218,2VIS,done,,4.288,1,1,0,0.003000,geodock,0.000000,0.003000,34.194420,32.216881,unacceptable,0,0,0,0,0
DB5-g-u,apo_geodock,42,218,4G6M,done,,3.527,1,1,0,0.005000,geodock,-0.845312,0.005000,33.669937,33.243549,unacceptable,0,0,0,0,0
DB5-g-u,apo_geodock,43,218,1M27,done,,1.443,1,1,0,0.016000,geodock,-0.871827,0.016000,18.581329,16.518042,unacceptable,0,0,0,0,0
DB5-g-u,apo_geodock,44,218,1IJK,done,,2.891,1,1,0,0.073000,geodock,-0.703223,0.073000,6.972357,10.671206,unacceptable,0,0,0,0,0
DB5-g-u,apo_geodock,45,218,3R9A,done,,5.822,1,1,0,0.043000,geodock,-0.742414,0.043000,10.084284,20.291006,unacceptable,0,0,0,0,0
DB5-g-u,apo_geodock,46,218,5Y9J,done,,5.508,1,1,0,0.007000,geodock,-0.796815,0.007000,25.241390,28.107100,unacceptable,0,0,0,0,0
DB5-g-u,apo_geodock,47,218,1HCF,done,,1.897,1,1,0,0.103000,geodock,-0.717651,0.103000,7.013122,6.527551,unacceptable,0,0,0,0,0
DB5-g-u,apo_geodock,48,218,3PC8,done,,1.052,1,1,1,0.280000,geodock,-0.710851,0.280000,2.036593,4.232617,acceptable,1,1,1,1,1
DB5-g-u,apo_geodock,49,218,1AK4,done,,1.912,1,1,0,0.030000,geodock,-0.860483,0.030000,16.005825,17.663309,unacceptable,0,0,0,0,0
DB5-g-u,apo_geodock,50,218,2GAF,done,,4.401,1,1,0,0.025000,geodock,-0.806935,0.025000,24.271904,18.171598,unacceptable,0,0,0,0,0
DB5-g-u,apo_geodock,51,218,1FQ1,done,,2.860,1,1,0,0.016000,geodock,-0.772632,0.016000,13.267953,16.360207,unacceptable,0,0,0,0,0
DB5-g-u,apo_geodock,52,218,1I4D,done,,3.292,1,1,0,0.012000,geodock,-0.698968,0.012000,10.542804,19.657524,unacceptable,0,0,0,0,0
DB5-g-u,apo_geodock,53,218,1E6J,done,,2.929,1,1,0,0.009000,geodock,-0.705918,0.009000,19.611444,20.385324,unacceptable,0,0,0,0,0
DB5-g-u,apo_geodock,54,218,3EO1,done,,3.761,1,1,0,0.004000,geodock,-0.723726,0.004000,36.509521,32.983452,unacceptable,0,0,0,0,0
DB5-g-u,apo_geodock,55,218,3LVK,done,,4.818,1,1,0,0.032000,geodock,-0.676109,0.032000,13.700315,7.807999,unacceptable,0,0,0,0,0
DB5-g-u,apo_geodock,56,218,6A77,done,,3.093,1,1,0,0.015000,geodock,-0.677873,0.015000,16.440573,15.965910,unacceptable,0,0,0,0,0
DB5-g-u,apo_geodock,57,218,2YVJ,done,,2.883,1,1,0,0.099000,geodock,-0.710351,0.099000,6.412673,6.044341,unacceptable,0,0,0,0,0
DB5-g-u,apo_geodock,58,218,7CEI,done,,1.472,1,1,0,0.017000,geodock,-0.746064,0.017000,11.421717,14.892035,unacceptable,0,0,0,0,0
DB5-g-u,apo_geodock,59,218,1RKE,done,,2.329,1,1,0,0.210000,geodock,-0.720366,0.210000,4.097017,4.353492,unacceptable,0,0,0,0,0
DB5-g-u,apo_geodock,60,218,3K75,done,,2.379,1,1,0,0.031000,geodock,-0.673778,0.031000,8.871682,18.579414,unacceptable,0,0,0,0,0
DB5-g-u,apo_geodock,61,218,1JTG,done,,2.370,1,1,0,0.023000,geodock,-0.705721,0.023000,10.657060,14.187848,unacceptable,0,0,0,0,0
DB5-g-u,apo_geodock,62,218,5SV3,done,,1.742,1,1,0,0.006000,geodock,-0.661120,0.006000,26.816654,22.205240,unacceptable,0,0,0,0,0
DB5-g-u,apo_geodock,63,218,1ATN,done,,3.677,1,1,0,0.005000,geodock,-0.704834,0.005000,26.529440,26.966677,unacceptable,0,0,0,0,0
DB5-g-u,apo_geodock,64,218,3MXW,done,,3.418,1,1,0,0.007000,geodock,-0.756096,0.007000,24.897686,24.086103,unacceptable,0,0,0,0,0
DB5-g-u,apo_geodock,65,218,2X9A,done,,1.174,1,1,0,0.053000,geodock,-0.782411,0.053000,7.692036,11.374863,unacceptable,0,0,0,0,0
DB5-g-u,apo_geodock,66,218,3H2V,done,,1.282,1,1,0,0.019000,geodock,-0.799250,0.019000,14.152980,13.803740,unacceptable,0,0,0,0,0
DB5-g-u,apo_geodock,67,218,6OC3,done,,3.917,1,1,0,0.008000,geodock,-0.679032,0.008000,18.777809,23.062500,unacceptable,0,0,0,0,0
DB5-g-u,apo_geodock,68,218,1WDW,done,,6.015,1,1,0,0.003000,geodock,-0.845706,0.003000,35.003242,36.055389,unacceptable,0,0,0,0,0
DB5-g-u,apo_geodock,69,218,2CFH,done,,1.741,1,1,0,0.171000,geodock,-0.680030,0.171000,5.268125,5.391303,unacceptable,0,0,0,0,0
DB5-g-u,apo_geodock,70,218,1JIW,done,,3.164,1,1,0,0.037000,geodock,-0.704098,0.037000,10.540844,8.838288,unacceptable,0,0,0,0,0
DB5-g-u,apo_geodock,71,218,2SIC,done,,2.150,1,1,0,0.036000,geodock,-0.690066,0.036000,17.142879,12.351403,unacceptable,0,0,0,0,0
DB5-g-u,apo_geodock,72,218,4IZ7,done,,2.605,1,1,0,0.072000,geodock,-0.721730,0.072000,10.681677,7.788858,unacceptable,0,0,0,0,0
DB5-g-u,apo_geodock,73,218,3A4S,done,,1.415,1,1,0,0.024000,geodock,-0.694368,0.024000,14.032501,13.032172,unacceptable,0,0,0,0,0
DB5-g-u,apo_geodock,74,218,3BP8,done,,4.470,1,1,0,0.014000,geodock,-0.686642,0.014000,17.232075,11.908346,unacceptable,0,0,0,0,0
DB5-g-u,apo_geodock,75,218,1JMO,done,,4.060,1,1,0,0.007000,geodock,-0.685833,0.007000,26.513479,24.792320,unacceptable,0,0,0,0,0
DB5-g-u,apo_geodock,76,218,1GRN,done,,2.210,1,1,0,0.070000,geodock,-0.674944,0.070000,6.413540,7.515071,unacceptable,0,0,0,0,0
DB5-g-u,apo_geodock,77,218,1MQ8,done,,2.242,1,1,0,0.127000,geodock,-0.813328,0.127000,6.564753,11.728054,unacceptable,0,0,0,0,0
DB5-g-u,apo_geodock,78,218,1FC2,done,,1.707,1,1,0,0.022000,geodock,-0.747204,0.022000,13.791613,13.581216,unacceptable,0,0,0,0,0
DB5-g-u,apo_geodock,79,218,1CGI,done,,1.863,1,1,0,0.188000,geodock,-0.666072,0.188000,5.119810,4.719838,unacceptable,0,0,0,0,0
DB5-g-u,apo_geodock,80,218,1TMQ,done,,3.317,1,1,0,0.016000,geodock,-0.750102,0.016000,18.424337,14.724547,unacceptable,0,0,0,0,0
DB5-g-u,apo_geodock,81,218,6B0S,done,,3.088,1,1,0,0.011000,geodock,-0.793112,0.011000,23.759754,19.273577,unacceptable,0,0,0,0,0
DB5-g-u,apo_geodock,82,218,3CPH,done,,3.506,1,1,0,0.089000,geodock,-0.720299,0.089000,7.965181,8.895218,unacceptable,0,0,0,0,0
DB5-g-u,apo_geodock,83,218,1A2K,done,,2.843,1,1,0,0.054000,geodock,-0.695031,0.054000,5.655059,9.495157,unacceptable,0,0,0,0,0
DB5-g-u,apo_geodock,84,218,4M5Z,done,,3.766,1,1,0,0.007000,geodock,-0.789175,0.007000,19.260305,25.066423,unacceptable,0,0,0,0,0
DB5-g-u,apo_geodock,85,218,2A1A,done,,2.672,1,1,0,0.006000,geodock,-0.732478,0.006000,23.776617,24.802588,unacceptable,0,0,0,0,0
DB5-g-u,apo_geodock,86,218,2MTA,done,,3.531,1,1,0,0.011000,geodock,-0.688178,0.011000,17.284084,16.683624,unacceptable,0,0,0,0,0
DB5-g-u,apo_geodock,87,218,1F6M,done,,2.653,1,1,0,0.009000,geodock,-0.671468,0.009000,17.728090,21.096302,unacceptable,0,0,0,0,0
DB5-g-u,apo_geodock,88,218,1JPS,done,,3.639,1,1,0,0.012000,geodock,-0.865036,0.012000,26.110128,21.407579,unacceptable,0,0,0,0,0
DB5-g-u,apo_geodock,89,218,1JWH,done,,4.476,1,1,0,0.051000,geodock,-0.728348,0.051000,9.957939,16.521618,unacceptable,0,0,0,0,0
DB5-g-u,apo_geodock,90,218,1S1Q,done,,1.238,1,1,0,0.020000,geodock,-0.679285,0.020000,11.128349,14.052390,unacceptable,0,0,0,0,0
DB5-g-u,apo_geodock,91,218,4FP8,done,,4.349,1,1,0,0.003000,geodock,-0.657548,0.003000,47.738911,36.983120,unacceptable,0,0,0,0,0
DB5-g-u,apo_geodock,92,218,4LW4,done,,5.520,1,1,0,0.040000,geodock,-0.685030,0.040000,12.089694,10.502057,unacceptable,0,0,0,0,0
DB5-g-u,apo_geodock,93,218,2OT3,done,,2.659,1,1,0,0.045000,geodock,-0.634919,0.045000,10.839043,13.555422,unacceptable,0,0,0,0,0
DB5-g-u,apo_geodock,94,218,1RLB,done,,3.668,1,1,0,0.047000,geodock,-0.651026,0.047000,7.041712,9.124825,unacceptable,0,0,0,0,0
DB5-g-u,apo_geodock,95,218,2O3B,done,,2.323,1,1,0,0.038000,geodock,-0.780300,0.038000,7.717506,12.766143,unacceptable,0,0,0,0,0
DB5-g-u,apo_geodock,96,218,2OOR,done,,5.209,1,1,0,0.016000,geodock,-0.711687,0.016000,18.025459,14.645455,unacceptable,0,0,0,0,0
DB5-g-u,apo_geodock,97,218,1GPW,done,,2.726,1,1,1,0.461000,geodock,-0.686547,0.461000,1.541262,2.017014,acceptable,1,1,1,1,1
DB5-g-u,apo_geodock,98,218,1E4K,done,,3.442,1,1,0,0.023000,geodock,-0.776944,0.023000,9.894449,16.630926,unacceptable,0,0,0,0,0
DB5-g-u,apo_geodock,99,218,1ZHI,done,,1.834,1,1,0,0.009000,geodock,-0.835361,0.009000,26.440594,21.599857,unacceptable,0,0,0,0,0
DB5-g-u,apo_geodock,100,218,6EY6,done,,3.135,1,1,0,0.006000,geodock,-0.827000,0.006000,27.722439,26.560152,unacceptable,0,0,0,0,0
DB5-g-u,apo_geodock,101,218,1Y64,done,,4.379,1,1,0,0.021000,geodock,-0.721986,0.021000,18.568346,21.703856,unacceptable,0,0,0,0,0
DB5-g-u,apo_geodock,102,218,5GRJ,done,,2.822,1,1,0,0.006000,geodock,-0.697198,0.006000,19.259222,22.761080,unacceptable,0,0,0,0,0
DB5-g-u,apo_geodock,103,218,4H03,done,,4.449,1,1,0,0.018000,geodock,-0.680378,0.018000,15.728620,21.793495,unacceptable,0,0,0,0,0
DB5-g-u,apo_geodock,104,218,1EER,done,,3.357,1,1,0,0.019000,geodock,-0.709814,0.019000,19.604189,18.103285,unacceptable,0,0,0,0,0
DB5-g-u,apo_geodock,105,218,2IDO,done,,1.593,1,1,0,0.034000,geodock,-0.818336,0.034000,9.318700,13.896000,unacceptable,0,0,0,0,0
DB5-g-u,apo_geodock,106,218,1S78,done,,5.512,1,1,0,0.017000,geodock,-0.731458,0.017000,27.568462,23.071516,unacceptable,0,0,0,0,0
DB5-g-u,apo_geodock,107,218,1SYX,done,,1.434,1,1,0,0.017000,geodock,-0.760418,0.017000,12.575539,16.370441,unacceptable,0,0,0,0,0
DB5-g-u,apo_geodock,108,218,2GTP,done,,2.503,1,1,0,0.066000,geodock,-0.650843,0.066000,5.912487,9.402847,unacceptable,0,0,0,0,0
DB5-g-u,apo_geodock,109,218,1DQJ,done,,3.478,1,1,0,0.015000,geodock,-0.886536,0.015000,17.146513,18.666897,unacceptable,0,0,0,0,0
DB5-g-u,apo_geodock,110,218,5CBA,done,,1.870,1,1,0,0.044000,geodock,-0.812677,0.044000,11.009567,9.668120,unacceptable,0,0,0,0,0
DB5-g-u,apo_geodock,111,218,4DN4,done,,2.715,1,1,0,0.010000,geodock,-0.746980,0.010000,20.736126,18.190228,unacceptable,0,0,0,0,0
DB5-g-u,apo_geodock,112,218,3AAD,done,,2.520,1,1,0,0.010000,geodock,-0.658771,0.010000,17.601561,22.366667,unacceptable,0,0,0,0,0
DB5-g-u,apo_geodock,113,218,2HRK,done,,1.760,1,1,0,0.226000,geodock,-0.651322,0.226000,3.253034,4.179630,unacceptable,0,0,0,0,0
DB5-g-u,apo_geodock,114,218,2A5T,done,,3.100,1,1,1,0.679000,geodock,-0.663653,0.679000,0.551112,0.669280,medium,1,1,1,1,1
DB5-g-u,apo_geodock,115,218,3WD5,done,,5.135,1,1,0,0.005000,geodock,-0.749689,0.005000,31.324730,32.751785,unacceptable,0,0,0,0,0
DB5-g-u,apo_geodock,116,218,6AL0,done,,3.655,1,1,0,0.008000,geodock,-0.762252,0.008000,22.335110,26.936956,unacceptable,0,0,0,0,0
DB5-g-u,apo_geodock,117,218,1JK9,done,,2.110,1,1,0,0.016000,geodock,-0.646443,0.016000,16.283009,14.660610,unacceptable,0,0,0,0,0
DB5-g-u,apo_geodock,118,218,1WEJ,done,,3.280,1,1,0,0.009000,geodock,-0.765560,0.009000,24.154238,20.343832,unacceptable,0,0,0,0,0
DB5-g-u,apo_geodock,119,218,1AZS,done,,3.659,1,1,0,0.010000,geodock,-0.673313,0.010000,15.862770,21.682522,unacceptable,0,0,0,0,0
DB5-g-u,apo_geodock,120,218,1GCQ,done,,1.140,1,1,0,0.094000,geodock,-0.787535,0.094000,7.945095,11.551876,unacceptable,0,0,0,0,0
DB5-g-u,apo_geodock,121,218,1BVN,done,,3.296,1,1,0,0.078000,geodock,-0.714084,0.078000,10.060939,6.063485,unacceptable,0,0,0,0,0
DB5-g-u,apo_geodock,122,218,2DD8,done,,3.638,1,1,0,0.009000,geodock,-0.746138,0.009000,24.984777,21.983835,unacceptable,0,0,0,0,0
DB5-g-u,apo_geodock,123,218,2OOB,done,,0.803,1,1,0,0.096000,geodock,-0.751189,0.096000,8.308876,9.461736,unacceptable,0,0,0,0,0
DB5-g-u,apo_geodock,124,218,6CWG,done,,2.488,1,1,0,0.006000,geodock,-0.719023,0.006000,21.869871,23.174990,unacceptable,0,0,0,0,0
DB5-g-u,apo_geodock,125,218,5C7X,done,,3.252,1,1,0,0.009000,geodock,-0.750125,0.009000,23.717510,22.723465,unacceptable,0,0,0,0,0
DB5-g-u,apo_geodock,126,218,4ETQ,done,,3.949,1,1,0,0.062000,geodock,-0.802047,0.062000,12.740191,17.201399,unacceptable,0,0,0,0,0
DB5-g-u,apo_geodock,127,218,2ABZ,done,,2.237,1,1,0,0.027000,geodock,-0.732373,0.027000,10.240858,10.159733,unacceptable,0,0,0,0,0
DB5-g-u,apo_geodock,128,218,3BIW,done,,4.218,1,1,0,0.008000,geodock,-0.658727,0.008000,16.643972,21.196697,unacceptable,0,0,0,0,0
DB5-g-u,apo_geodock,129,218,5X0T,done,,3.373,1,1,0,0.008000,geodock,-0.747113,0.008000,25.577312,19.368977,unacceptable,0,0,0,0,0
DB5-g-u,apo_geodock,130,218,6BPC,done,,4.746,1,1,0,0.005000,geodock,-0.752452,0.005000,23.904907,33.855011,unacceptable,0,0,0,0,0
DB5-g-u,apo_geodock,131,218,2AYO,done,,3.518,1,1,0,0.051000,geodock,-0.918574,0.051000,11.998905,8.183821,unacceptable,0,0,0,0,0
DB5-g-u,apo_geodock,132,218,1FFW,done,,1.375,1,1,1,0.250000,geodock,-0.827484,0.250000,3.790112,5.372826,acceptable,1,1,1,1,1
DB5-g-u,apo_geodock,133,218,1DFJ,done,,3.435,1,1,0,0.060000,geodock,-0.702514,0.060000,11.937899,8.771830,unacceptable,0,0,0,0,0
DB5-g-u,apo_geodock,134,218,1IBR,done,,3.621,1,1,0,0.030000,geodock,-0.714737,0.030000,17.948740,13.557959,unacceptable,0,0,0,0,0
DB5-g-u,apo_geodock,135,218,1XD3,done,,1.766,1,1,1,0.395000,geodock,-0.675517,0.395000,2.515404,3.243696,acceptable,1,1,1,1,1
DB5-g-u,apo_geodock,136,218,4M76,done,,2.772,1,1,0,0.009000,geodock,-0.698317,0.009000,15.483392,21.782446,unacceptable,0,0,0,0,0
DB5-g-u,apo_geodock,137,218,3L89,done,,4.053,1,1,0,0.008000,geodock,-0.696825,0.008000,22.076733,22.224152,unacceptable,0,0,0,0,0
DB5-g-u,apo_geodock,138,218,2A9K,done,,2.082,1,1,0,0.010000,geodock,-0.751074,0.010000,16.229540,21.598894,unacceptable,0,0,0,0,0
DB5-g-u,apo_geodock,139,218,1B6C,done,,2.629,1,1,0,0.015000,geodock,-0.750625,0.015000,13.949488,15.841052,unacceptable,0,0,0,0,0
DB5-g-u,apo_geodock,140,218,3DAW,done,,2.905,1,1,1,0.622000,geodock,-0.697886,0.622000,1.100386,1.083605,medium,1,1,1,1,1
DB5-g-u,apo_geodock,141,218,2SNI,done,,2.004,1,1,0,0.045000,geodock,-0.677357,0.045000,7.085352,9.729593,unacceptable,0,0,0,0,0
DB5-g-u,apo_geodock,142,218,5VNW,done,,4.129,1,1,0,0.006000,geodock,-0.919782,0.006000,27.542538,27.305817,unacceptable,0,0,0,0,0
DB5-g-u,apo_geodock,143,218,3D5S,done,,2.042,1,1,0,0.039000,geodock,-0.749320,0.039000,8.551163,8.613735,unacceptable,0,0,0,0,0
DB5-g-u,apo_geodock,144,218,1ZHH,done,,3.106,1,1,0,0.050000,geodock,-0.678034,0.050000,8.249221,10.428406,unacceptable,0,0,0,0,0
DB5-g-u,apo_geodock,145,218,1FAK,done,,3.100,1,1,0,0.132000,geodock,-0.743904,0.132000,5.391197,7.100377,unacceptable,0,0,0,0,0
DB5-g-u,apo_geodock,146,218,1CLV,done,,2.894,1,1,0,0.038000,geodock,-0.772362,0.038000,12.577432,6.202101,unacceptable,0,0,0,0,0
DB5-g-u,apo_geodock,147,218,3U7Y,done,,4.539,1,1,0,0.007000,geodock,-0.707599,0.007000,29.153540,23.262161,unacceptable,0,0,0,0,0
DB5-g-u,apo_geodock,148,218,1HE1,done,,1.829,1,1,0,0.032000,geodock,-0.886490,0.032000,11.600300,17.785599,unacceptable,0,0,0,0,0
DB5-g-u,apo_geodock,149,218,1OC0,done,,2.399,1,1,0,0.010000,geodock,-0.812549,0.010000,23.065746,15.138328,unacceptable,0,0,0,0,0
DB5-g-u,apo_geodock,150,218,4DW2,done,,3.696,1,1,0,0.009000,geodock,-0.693121,0.009000,21.600525,21.511499,unacceptable,0,0,0,0,0
DB5-g-u,apo_geodock,151,218,3AAA,done,,3.860,1,1,0,0.033000,geodock,-0.702492,0.033000,16.767466,12.878828,unacceptable,0,0,0,0,0
DB5-g-u,apo_geodock,152,218,1EWY,done,,2.233,1,1,0,0.062000,geodock,-0.677588,0.062000,11.032538,9.998271,unacceptable,0,0,0,0,0
DB5-g-u,apo_geodock,153,218,3L5W,done,,3.155,1,1,0,0.008000,geodock,-0.724660,0.008000,26.468790,21.868958,unacceptable,0,0,0,0,0
DB5-g-u,apo_geodock,154,218,1VFB,done,,2.341,1,1,0,0.009000,geodock,-0.776180,0.009000,22.434994,20.436930,unacceptable,0,0,0,0,0
DB5-g-u,apo_geodock,155,218,3VLB,done,,3.454,1,1,0,0.006000,geodock,-0.750967,0.006000,25.198257,24.619749,unacceptable,0,0,0,0,0
DB5-g-u,apo_geodock,156,218,1MAH,done,,3.337,1,1,0,0.012000,geodock,-0.715755,0.012000,16.099981,13.905807,unacceptable,0,0,0,0,0
DB5-g-u,apo_geodock,157,218,5O14,done,,3.755,1,1,0,0.008000,geodock,-0.666554,0.008000,23.363630,24.393663,unacceptable,0,0,0,0,0
DB5-g-u,apo_geodock,158,218,1J2J,done,,1.448,1,1,0,0.076000,geodock,-0.782437,0.076000,8.039999,9.475663,unacceptable,0,0,0,0,0
DB5-g-u,apo_geodock,159,218,1WQ1,done,,2.876,1,1,0,0.057000,geodock,-0.691105,0.057000,6.071426,8.796349,unacceptable,0,0,0,0,0
DB5-g-u,apo_geodock,160,218,1BKD,done,,3.477,1,1,0,0.155000,geodock,-0.852351,0.155000,6.375797,6.217277,unacceptable,0,0,0,0,0
DB5-g-u,apo_geodock,161,218,4FZA,done,,3.588,1,1,0,0.027000,geodock,-0.654180,0.027000,16.983864,19.886253,unacceptable,0,0,0,0,0
DB5-g-u,apo_geodock,162,218,2VDB,done,,3.634,1,1,0,0.007000,geodock,-0.894319,0.007000,27.929836,18.094206,unacceptable,0,0,0,0,0
DB5-g-u,apo_geodock,163,218,1T6B,done,,4.906,1,1,0,0.034000,geodock,-0.765228,0.034000,8.892305,10.612623,unacceptable,0,0,0,0,0
DB5-g-u,apo_geodock,164,218,2PCC,done,,2.553,1,1,0,0.012000,geodock,-0.758585,0.012000,13.319194,17.483194,unacceptable,0,0,0,0,0
DB5-g-u,apo_geodock,165,218,4G6J,done,,3.519,1,1,0,0.004000,geodock,-0.886810,0.004000,34.516621,37.122272,unacceptable,0,0,0,0,0
DB5-g-u,apo_geodock,166,218,1GXD,done,,4.716,1,1,0,0.004000,geodock,-0.676626,0.004000,26.729574,30.720778,unacceptable,0,0,0,0,0
DB5-g-u,apo_geodock,167,218,1QA9,done,,1.437,1,1,0,0.013000,geodock,-0.660644,0.013000,19.187729,20.085100,unacceptable,0,0,0,0,0
DB5-g-u,apo_geodock,168,218,1GL1,done,,1.721,1,1,1,0.232000,geodock,-0.725654,0.232000,3.048229,3.087733,acceptable,1,1,1,1,1
DB5-g-u,apo_geodock,169,218,3BX7,done,,1.773,1,1,0,0.039000,geodock,-0.709456,0.039000,7.510417,10.172763,unacceptable,0,0,0,0,0
DB5-g-u,apo_geodock,170,218,2NZ8,done,,2.852,1,1,1,0.313000,geodock,-0.696521,0.313000,2.455770,3.100894,acceptable,1,1,1,1,1
DB5-g-u,apo_geodock,171,218,1H9D,done,,1.405,1,1,0,0.097000,geodock,-0.714299,0.097000,9.409510,9.773957,unacceptable,0,0,0,0,0
DB5-g-u,apo_geodock,172,218,1Z0K,done,,1.454,1,1,0,0.120000,geodock,-0.657123,0.120000,6.397702,6.163343,unacceptable,0,0,0,0,0
DB5-g-u,apo_geodock,173,218,1JTD,done,,3.074,1,1,0,0.091000,geodock,-0.719325,0.091000,7.249124,7.196153,unacceptable,0,0,0,0,0
DB5-g-u,apo_geodock,174,218,1E6E,done,,3.377,1,1,0,0.115000,geodock,-0.692489,0.115000,5.902883,5.908687,unacceptable,0,0,0,0,0
DB5-g-u,apo_geodock,175,218,1AKJ,done,,3.937,1,1,0,0.008000,geodock,-0.760001,0.008000,26.672440,22.431950,unacceptable,0,0,0,0,0
DB5-g-u,apo_geodock,176,218,2O8V,done,,1.935,1,1,0,0.014000,geodock,-0.690362,0.014000,15.385445,15.210440,unacceptable,0,0,0,0,0
DB5-g-u,apo_geodock,177,218,5JMO,done,,3.416,1,1,0,0.022000,geodock,-0.725998,0.022000,13.590814,11.468879,unacceptable,0,0,0,0,0
DB5-g-u,apo_geodock,178,218,4Y7M,done,,2.131,1,1,0,0.042000,geodock,-0.750214,0.042000,12.311969,11.737639,unacceptable,0,0,0,0,0
DB5-g-u,apo_geodock,179,218,3SZK,done,,2.661,1,1,0,0.016000,geodock,-0.727609,0.016000,13.056404,14.695732,unacceptable,0,0,0,0,0
DB5-g-u,apo_geodock,180,218,3HI6,done,,3.651,1,1,0,0.081000,geodock,-0.711056,0.081000,7.914169,13.630655,unacceptable,0,0,0,0,0
DB5-g-u,apo_geodock,181,218,1US7,done,,2.254,1,1,0,0.030000,geodock,-0.735743,0.030000,14.371809,13.426379,unacceptable,0,0,0,0,0
DB5-g-u,apo_geodock,182,218,5E5M,done,,1.271,1,1,0,0.047000,geodock,-0.699510,0.047000,9.179840,13.102154,unacceptable,0,0,0,0,0
DB5-g-u,apo_geodock,183,218,3MJ9,done,,3.826,1,1,0,0.019000,geodock,-0.734203,0.019000,14.873064,20.762741,unacceptable,0,0,0,0,0
DB5-g-u,apo_geodock,184,218,1KTZ,done,,1.318,1,1,0,0.023000,geodock,-0.782569,0.023000,12.268974,19.505056,unacceptable,0,0,0,0,0
DB5-g-u,apo_geodock,185,218,1GHQ,done,,2.350,1,1,0,0.012000,geodock,-0.726768,0.012000,17.526197,17.753212,unacceptable,0,0,0,0,0
DB5-g-u,apo_geodock,186,218,4HX3,done,,2.160,1,1,0,0.028000,geodock,-0.783944,0.028000,15.686399,15.752847,unacceptable,0,0,0,0,0
DB5-g-u,apo_geodock,187,218,3EOA,done,,3.750,1,1,0,0.048000,geodock,-0.719773,0.048000,7.639988,12.583888,unacceptable,0,0,0,0,0
DB5-g-u,apo_geodock,188,218,1K5D,done,,3.711,1,1,0,0.020000,geodock,-0.674021,0.020000,11.001754,21.470421,unacceptable,0,0,0,0,0
DB5-g-u,apo_geodock,189,218,1AY7,done,,1.339,1,1,1,0.257000,geodock,-0.710783,0.257000,3.055118,4.292121,acceptable,1,1,1,1,1
DB5-g-u,apo_geodock,190,218,3F1P,done,,1.483,1,1,0,0.051000,geodock,-0.760404,0.051000,12.096418,14.826610,unacceptable,0,0,0,0,0
DB5-g-u,apo_geodock,191,218,1BUH,done,,2.091,1,1,0,0.015000,geodock,-0.660967,0.015000,16.428669,15.415112,unacceptable,0,0,0,0,0
DB5-g-u,apo_geodock,192,218,1K74,done,,3.121,1,1,1,0.441000,geodock,-0.700066,0.441000,1.836664,2.084564,acceptable,1,1,1,1,1
DB5-g-u,apo_geodock,193,218,1UDI,done,,1.890,1,1,0,0.019000,geodock,-0.677523,0.019000,13.519783,14.325167,unacceptable,0,0,0,0,0
DB5-g-u,apo_geodock,194,218,1HIA,done,,1.821,1,1,0,0.040000,geodock,-0.813469,0.040000,7.499251,11.970498,unacceptable,0,0,0,0,0
DB5-g-u,apo_geodock,195,218,1EFN,done,,1.170,1,1,0,0.026000,geodock,-0.761171,0.026000,14.406861,13.648338,unacceptable,0,0,0,0,0
DB5-g-u,apo_geodock,196,218,1AHW,done,,3.595,1,1,0,0.015000,geodock,-0.872980,0.015000,18.514847,19.588797,unacceptable,0,0,0,0,0
DB5-g-u,apo_geodock,197,218,2FD6,done,,4.005,1,1,0,0.008000,geodock,-0.720828,0.008000,25.865837,25.468294,unacceptable,0,0,0,0,0
DB5-g-u,apo_geodock,198,218,2C0L,done,,2.308,1,1,0,0.015000,geodock,-0.749538,0.015000,16.061897,15.225885,unacceptable,0,0,0,0,0
DB5-g-u,apo_geodock,199,218,1OFU,done,,3.215,1,1,0,0.022000,geodock,-0.682517,0.022000,20.605413,21.195641,unacceptable,0,0,0,0,0
DB5-g-u,apo_geodock,200,218,2OUL,done,,2.183,1,1,0,0.082000,geodock,-0.747390,0.082000,10.955850,10.154800,unacceptable,0,0,0,0,0
DB5-g-u,apo_geodock,201,218,3FN1,done,,1.655,1,1,0,0.016000,geodock,-0.703502,0.016000,13.710929,18.486906,unacceptable,0,0,0,0,0
DB5-g-u,apo_geodock,202,218,1JZD,done,,3.299,1,1,0,0.012000,geodock,-0.707923,0.012000,20.483938,18.138090,unacceptable,0,0,0,0,0
DB5-g-u,apo_geodock,203,218,2G77,done,,2.879,1,1,0,0.049000,geodock,-0.638716,0.049000,8.947305,11.167180,unacceptable,0,0,0,0,0
DB5-g-u,apo_geodock,204,218,3SE8,done,,4.442,1,1,0,0.007000,geodock,-0.652282,0.007000,28.790951,22.055342,unacceptable,0,0,0,0,0
DB5-g-u,apo_geodock,205,218,1E96,done,,2.316,1,1,0,0.033000,geodock,-0.659944,0.033000,12.549208,18.600687,unacceptable,0,0,0,0,0
DB5-g-u,apo_geodock,206,218,2BTF,done,,2.861,1,1,1,0.395000,geodock,-0.748135,0.395000,1.603691,2.325649,acceptable,1,1,1,1,1
DB5-g-u,apo_geodock,207,218,2HQS,done,,2.678,1,1,0,0.009000,geodock,-0.757674,0.009000,22.212284,21.333332,unacceptable,0,0,0,0,0
DB5-g-u,apo_geodock,208,218,5WK3,done,,2.986,1,1,0,0.005000,geodock,-0.739975,0.005000,32.375004,23.803600,unacceptable,0,0,0,0,0
DB5-g-u,apo_geodock,209,218,1R6Q,done,,1.628,1,1,0,0.011000,geodock,-0.616149,0.011000,13.007830,19.337767,unacceptable,0,0,0,0,0
DB5-g-u,apo_geodock,210,218,1R0R,done,,1.954,1,1,0,0.029000,geodock,-0.721017,0.029000,10.351646,9.663303,unacceptable,0,0,0,0,0
DB5-g-u,apo_geodock,211,218,1R8S,done,,2.234,1,1,1,0.275000,geodock,-0.643751,0.275000,3.215296,3.443828,acceptable,1,1,1,1,1
DB5-g-u,apo_geodock,212,218,1FCC,done,,2.813,1,1,0,0.014000,geodock,-0.797577,0.014000,16.890451,14.609130,unacceptable,0,0,0,0,0
DB5-g-u,apo_geodock,213,218,3G6D,done,,3.385,1,1,0,0.009000,geodock,-0.710438,0.009000,24.985804,20.662048,unacceptable,0,0,0,0,0
DB5-g-u,apo_geodock,214,218,1ZM4,done,,6.004,1,1,0,0.005000,geodock,-0.793488,0.005000,28.787746,25.561266,unacceptable,0,0,0,0,0
DB5-g-u,apo_geodock,215,218,1XU1,done,,2.880,1,1,0,0.009000,geodock,-0.770974,0.009000,19.380686,16.136244,unacceptable,0,0,0,0,0
DB5-g-u,apo_geodock,216,218,1KKL,done,,3.405,1,1,0,0.221000,geodock,-0.648299,0.221000,4.934182,3.102234,unacceptable,0,0,0,0,0
DB5-g-u,apo_geodock,217,218,1FQJ,done,,2.668,1,1,0,0.044000,geodock,-0.683592,0.044000,6.633473,9.750911,unacceptable,0,0,0,0,0
DB5-g-u,apo_geodock,218,218,2B4J,done,,2.196,1,1,0,0.008000,geodock,-0.733387,0.008000,26.175863,23.353720,unacceptable,0,0,0,0,0
