target_id,identification,round,target,interface,p_id,p_type,p_rank,name,uid,model,e,nclash,threshold,fnat,fnonnat,f1,dockq,lrms,irms,srms,ia,dL,thetaL,nchain,(ligand_coverage/receptor_coverage),fIR_L,fIR_R,fOP_L,fOP_R,mrms_L,mrms_R,classification,main_classification,stars,clashes,low_id,md5
T47.1,T47_S01.M01,23,47,1,S01,S,1,Gray,128,1,0,8,73,0.8214,0.2333,0.7931,0.8087,2.6891,0.9920,2.1952,1704.8,1.98,10.90,0,(89/97),0.9259,0.9565,0.0385,0.1538,0.6868,0.7291,high,high,3,0,0,8e3c853a5aa0a20f32ee77e76feb4050
T47.1,T47_S01.M02,23,47,1,S01,S,1,Gray,128,2,0,13,73,0.7500,0.2075,0.7707,0.7808,2.7862,1.0066,1.8794,1418.3,2.01,10.49,0,(88/88),0.8519,0.9565,0.0000,0.0000,0.5658,0.7077,medium,medium,2,0,0,891a64908e28f97d7ff7a345b7769b06
T47.1,T47_S01.M03,23,47,1,S01,S,1,Gray,128,3,0,11,73,0.8036,0.1818,0.8108,0.7743,3.3107,1.0981,2.1121,1504.8,2.33,12.83,0,(88/88),0.8889,1.0000,0.0000,0.0417,0.6818,0.6938,medium,medium,2,0,0,cf87d6432c324c8179ee02d659f55325
T47.1,T47_S01.M04,23,47,1,S01,S,1,Gray,128,4,0,10,73,0.7500,0.1429,0.8000,0.7900,2.7714,0.9447,2.0353,1427.7,2.12,9.70,0,(88/88),0.8519,1.0000,0.0000,0.0000,0.5455,0.7664,high,high,3,0,0,e9619a1e8088d4fc47399466d4d29a96
T47.1,T47_S01.M05,23,47,1,S01,S,1,Gray,128,5,0,3,73,0.0536,0.9388,0.0571,0.0382,40.8001,10.6866,11.4289,1555.2,36.98,130.12,0,(88/98),0.8148,0.2174,0.1538,0.8000,0.3912,0.4921,incorrect,incorrect,0,0,0,fd482a7c2d425a4dbb7a7aa500d846a9
T47.1,T47_S01.M06,23,47,1,S01,S,1,Gray,128,6,0,11,73,0.7857,0.2143,0.7857,0.7565,3.6505,1.1264,2.0661,1533.4,2.69,13.61,0,(88/88),0.9259,0.8696,0.0000,0.1304,0.4865,0.7172,medium,medium,2,0,0,73ddccbd6d3b6c41090212a2ce5fdaa4
T47.1,T47_S01.M07,23,47,1,S01,S,1,Gray,128,7,0,12,73,0.7679,0.1400,0.8113,0.7571,3.7803,1.0562,2.0512,1490.0,2.95,13.36,0,(88/88),0.9630,0.8696,0.0000,0.0909,0.5383,0.7159,medium,medium,2,0,0,008e21c677717c751627a568659751c5
T47.1,T47_S01.M08,23,47,1,S01,S,1,Gray,128,8,0,12,73,0.8036,0.1818,0.8108,0.8587,1.0667,0.7782,1.9415,1639.7,0.61,3.84,0,(89/97),0.9259,1.0000,0.0000,0.0417,0.5791,0.8632,high,high,3,0,0,099bb6570c0697e5a533bbf7071292b1
T47.1,T47_S01.M09,23,47,1,S01,S,1,Gray,128,9,0,13,73,0.7500,0.1923,0.7778,0.7528,3.4801,1.0958,1.9434,1459.5,2.59,12.89,0,(88/88),0.8889,0.9130,0.0000,0.0000,0.5608,0.7466,medium,medium,2,0,0,0e7d0a90b99770d6cae09d073fb898dc
T47.1,T47_S01.M10,23,47,1,S01,S,1,Gray,128,10,0,15,73,0.7679,0.1569,0.8037,0.7373,3.9979,1.1614,2.1902,1426.8,2.87,15.70,0,(88/88),0.8889,0.9130,0.0000,0.0455,0.5144,0.6611,medium,medium,2,0,0,b9b910209a202c1a0c7016a76c2dc079
T47.1,T47_S03.M01,23,47,1,S03,S,3,Weng,78,1,0,18,73,0.8929,0.2188,0.8333,0.8583,1.9640,0.9060,1.7914,1849.3,1.19,7.91,0,(89/98),0.9259,1.0000,0.0741,0.1154,0.6940,0.6026,high,high,3,0,0,6db4fd65136bfbeab31631fb6fcead40
T47.1,T47_S03.M02,23,47,1,S03,S,3,Weng,78,2,0,20,73,0.8571,0.2836,0.7805,0.8700,1.2915,0.8071,1.9000,1746.5,0.76,4.87,0,(89/98),0.9259,1.0000,0.0385,0.0417,0.6486,0.7388,high,high,3,0,0,4c25a43c5a2d8899427337d1af13ba02
T47.1,T47_S03.M03,23,47,1,S03,S,3,Weng,78,3,0,18,73,0.8393,0.2985,0.7642,0.8583,1.7234,0.8082,1.8500,1817.2,0.72,8.64,0,(89/98),0.9630,0.9565,0.0370,0.1538,0.5978,0.6615,high,high,3,0,0,53760514fab74de73a763e9c6c02e979
T47.1,T47_S03.M04,23,47,1,S03,S,3,Weng,78,4,0,21,73,0.8750,0.2344,0.8167,0.8459,2.2504,0.9162,1.8772,1927.8,1.65,7.69,0,(89/98),0.9259,1.0000,0.1379,0.0800,0.6743,0.8210,high,high,3,0,0,39b48036b124bc7c16d1a0d092d6d730
T47.1,T47_S03.M05,23,47,1,S03,S,3,Weng,78,5,0,21,73,0.8036,0.3284,0.7317,0.7990,2.1328,1.0946,2.1240,1854.7,1.06,9.77,0,(89/98),0.9259,0.9565,0.1379,0.1538,0.6258,0.7665,medium,medium,2,0,0,673c2cf644bc10e787647a88a443158f
T47.1,T47_S03.M06,23,47,1,S03,S,3,Weng,78,6,0,21,73,0.8750,0.3378,0.7539,0.8772,1.2113,0.8047,1.9255,1819.5,0.51,5.22,0,(89/98),0.8889,0.9565,0.0769,0.1538,0.6699,0.6716,high,high,3,0,0,19e710d260516e66ec0460d7e0bedcda
T47.1,T47_S03.M07,23,47,1,S03,S,3,Weng,78,7,0,18,73,0.8750,0.2687,0.7967,0.8461,1.8465,0.9628,2.0091,1777.0,1.34,6.28,0,(89/98),0.9259,0.9565,0.1379,0.1200,0.6217,0.9442,high,high,3,0,0,276aef5318c56dcae17908f74a5dc00a
T47.1,T47_S03.M08,23,47,1,S03,S,3,Weng,78,8,0,20,73,0.8214,0.2698,0.7731,0.8090,1.8423,1.0994,2.0714,1778.3,0.71,9.26,0,(89/98),0.8889,1.0000,0.0000,0.2069,0.5792,0.8726,medium,medium,2,0,0,c30cd515ee4a3ff20b64d9ed8676b316
T47.1,T47_S03.M09,23,47,1,S03,S,3,Weng,78,9,0,19,73,0.6964,0.3710,0.6610,0.7722,2.1389,1.0299,2.3028,1752.6,1.42,7.51,0,(89/98),0.8889,0.9130,0.0769,0.1250,0.8604,0.6858,medium,medium,2,0,0,06c1fde94e47cfc3420419f9aed22214
T47.1,T47_S03.M10,23,47,1,S03,S,3,Weng,78,10,0,7,73,0.1071,0.9302,0.0845,0.0618,35.1076,9.8239,10.6075,2501.1,31.63,103.12,0,(88/100),0.9259,0.4348,0.2647,0.7297,1.1916,0.5236,incorrect,incorrect,0,0,0,9cb911c633273357e41b78de039f4816
T47.1,T47_S05.M01,23,47,1,S05,S,5,Kihara,199,1,0,65,73,0.0357,0.9706,0.0322,0.0519,27.2865,8.3168,9.2292,2090.4,23.14,107.25,0,(89/100),0.7037,0.4783,0.3448,0.6333,0.3912,0.5416,incorrect,incorrect,0,0,0,752fbab175b37b432859e643a4ff0713
T47.1,T47_S05.M02,23,47,1,S05,S,5,Kihara,199,2,0,62,73,0.8929,0.3151,0.7752,0.8818,1.3663,0.8019,1.8203,1841.1,0.97,5.26,0,(89/100),0.9259,0.9565,0.0741,0.1200,0.3912,0.5416,high,high,3,0,0,caf37646268feee654f911daa814645b
T47.1,T47_S05.M03,23,47,1,S05,S,5,Kihara,199,3,0,46,73,0.8929,0.2958,0.7874,0.8990,1.2416,0.6910,1.7416,1847.7,0.99,3.83,0,(89/100),0.9630,0.9565,0.1034,0.0833,0.3912,0.5416,high,high,3,0,0,40a51ba42b26e9a6ccb9e67dde0569bb
T47.1,T47_S05.M04,23,47,1,S05,S,5,Kihara,199,4,0,13,73,0.8214,0.2698,0.7731,0.7687,3.3053,1.1842,2.2014,1880.0,2.45,12.58,0,(89/98),0.9259,0.9565,0.1071,0.1538,0.6643,0.7076,medium,medium,2,0,0,95c9764c52ca55f7ea36ccd1635545ed
T47.1,T47_S05.M05,23,47,1,S05,S,5,Kihara,199,5,0,146,73,0.0357,0.9810,0.0248,0.0429,30.5729,10.1617,10.8190,2044.4,25.56,127.15,0,(89/98),0.7037,0.5217,0.2400,0.6129,0.3924,0.5465,incorrect,incorrect,0,1,0,0717306d73b7f041553a50767718c0b9
T47.1,T47_S05.M06,23,47,1,S05,S,5,Kihara,199,6,0,46,73,0.8929,0.2857,0.7937,0.9007,1.2545,0.6777,1.7702,1834.2,1.09,3.32,0,(89/100),0.9630,0.9565,0.1613,0.0435,0.3912,0.5416,high,high,3,0,0,0c1dfdfee4f3427a3dea8b32887623a5
T47.1,T47_S05.M07,23,47,1,S05,S,5,Kihara,199,7,0,17,73,0.8571,0.2941,0.7742,0.8538,1.4818,0.9034,1.8283,1754.2,0.76,6.36,0,(89/98),0.9259,0.9565,0.1071,0.1200,0.6084,0.6229,high,high,3,0,0,50cdb0590bad94545316410b8b385248
T47.1,T47_S05.M08,23,47,1,S05,S,5,Kihara,199,8,0,73,73,0.8929,0.3421,0.7576,0.8725,1.5260,0.8523,1.8794,1827.6,1.01,7.70,0,(89/100),0.9630,0.9130,0.1613,0.1250,0.3912,0.5416,high,high,3,0,0,affafdb670376a634fe4db5cb58187d0
T47.1,T47_S05.M09,23,47,1,S05,S,5,Kihara,199,9,0,18,73,0.8750,0.2687,0.7967,0.8461,1.8465,0.9628,2.0091,1777.0,1.34,6.28,0,(89/98),0.9259,0.9565,0.1379,0.1200,0.6217,0.9442,high,high,3,0,0,276aef5318c56dcae17908f74a5dc00a
T47.1,T47_S05.M10,23,47,1,S05,S,5,Kihara,199,10,0,154,73,0.0357,0.9806,0.0251,0.0419,30.7402,10.8259,11.4915,2056.5,25.13,141.79,0,(89/98),0.7407,0.5652,0.2308,0.5806,0.3918,0.5465,incorrect,incorrect,0,1,0,cc6e283a7065c3b5dfbcc988ecf08c40
T47.1,T47_S09.M01,23,47,1,S09,S,9,Wang,44,1,0,8,73,0.0000,1.0000,0.0000,0.0217,36.0702,13.4107,15.3370,2334.5,33.91,102.54,0,(89/99),0.0741,0.3478,0.9286,0.7576,0.3912,0.4921,incorrect,incorrect,0,0,0,a3df386bd9c8dbd33bc5f702344c99f8
T47.1,T47_S09.M02,23,47,1,S09,S,9,Wang,44,2,0,15,73,0.8036,0.2105,0.7965,0.8735,1.3622,0.6499,1.7092,1601.7,0.86,6.35,0,(89/89),0.8889,1.0000,0.0000,0.0800,0.3917,0.4618,high,high,3,0,0,df98bf071a7ae01af55785f3587dffd4
T47.1,T47_S09.M03,23,47,1,S09,S,9,Wang,44,3,0,16,73,0.8214,0.2333,0.7931,0.8967,0.8683,0.5566,1.7030,1618.6,0.55,3.07,0,(89/89),0.8889,1.0000,0.0000,0.0800,0.3917,0.4618,high,high,3,0,0,8ad348e16417a5aff8a9ff3a4a0ad45b
T47.1,T47_S09.M04,23,47,1,S09,S,9,Wang,44,4,0,9,73,0.0000,1.0000,0.0000,0.0189,38.8587,14.1630,15.8006,2296.5,34.74,127.54,0,(89/99),0.4444,0.0870,0.6250,0.9310,0.3912,0.4921,incorrect,incorrect,0,0,0,65e26d9a52a1c608a19004bc27b880fd
T47.1,T47_S09.M05,23,47,1,S09,S,9,Wang,44,5,0,8,73,0.0000,1.0000,0.0000,0.0194,38.3417,13.9697,15.6094,2179.7,34.17,128.02,0,(89/99),0.4444,0.1304,0.5556,0.8966,0.3912,0.4921,incorrect,incorrect,0,0,0,d8c87c458d5e802fac643b8f7a916a19
T47.1,T47_S09.M06,23,47,1,S09,S,9,Wang,44,6,0,8,73,0.0000,1.0000,0.0000,0.0191,38.6474,14.0676,15.6812,2254.6,34.59,125.28,0,(89/99),0.4444,0.1304,0.5862,0.8966,0.3912,0.4921,incorrect,incorrect,0,0,0,4b25945e844f9f4e8c8984962a13dcb6
T47.1,T47_S09.M07,23,47,1,S09,S,9,Wang,44,7,0,3,73,0.0000,1.0000,0.0000,0.0195,38.2844,13.9502,15.3527,2058.8,33.99,129.87,0,(89/99),0.4444,0.1304,0.5714,0.8929,0.3912,0.4922,incorrect,incorrect,0,0,0,c3a44050795f303866f1527ba246a387
T47.1,T47_S09.M08,23,47,1,S09,S,9,Wang,44,8,0,4,73,0.0357,0.9643,0.0357,0.0315,38.8375,13.0717,14.0741,1712.5,33.97,160.42,0,(89/99),0.5556,0.0870,0.3478,0.9231,0.3912,0.4921,incorrect,incorrect,0,0,0,05edb05924328c0752918a2c5267aee7
T47.1,T47_S09.M09,23,47,1,S09,S,9,Wang,44,9,0,5,73,0.0179,0.9846,0.0166,0.0286,35.5555,12.7207,13.9782,2130.2,30.80,141.57,0,(89/99),0.5926,0.1304,0.3600,0.9000,0.3912,0.4921,incorrect,incorrect,0,0,0,7cc448013e4bce0b2ac7ec2603c3ab1f
T47.1,T47_S09.M10,23,47,1,S09,S,9,Wang,44,10,0,4,73,0.0000,1.0000,0.0000,0.0191,38.8223,13.8315,15.2797,2054.1,34.53,134.67,0,(89/99),0.5185,0.0870,0.4815,0.9200,0.3912,0.4921,incorrect,incorrect,0,0,0,60c5da92306d1b46ad72e18c2f904109
T47.1,T47_S10.M01,23,47,1,S10,S,10,Bonvin,43,1,0,22,73,0.8750,0.3099,0.7716,0.8511,1.6574,0.9472,1.8838,1813.0,1.25,4.75,0,(89/98),0.9630,0.9565,0.0370,0.1200,0.7833,0.7486,high,high,3,0,0,5ec96b0cc8d98effa2c78dd4bb65a43c
T47.1,T47_S10.M02,23,47,1,S10,S,10,Bonvin,43,2,0,20,73,0.8571,0.2836,0.7805,0.8700,1.2915,0.8071,1.9000,1746.5,0.76,4.87,0,(89/98),0.9259,1.0000,0.0385,0.0417,0.6486,0.7388,high,high,3,0,0,4c25a43c5a2d8899427337d1af13ba02
T47.1,T47_S10.M03,23,47,1,S10,S,10,Bonvin,43,3,0,18,73,0.8750,0.2687,0.7967,0.8461,1.8465,0.9628,2.0091,1777.0,1.34,6.28,0,(89/98),0.9259,0.9565,0.1379,0.1200,0.6217,0.9442,high,high,3,0,0,276aef5318c56dcae17908f74a5dc00a
T47.1,T47_S10.M04,23,47,1,S10,S,10,Bonvin,43,4,0,21,73,0.8750,0.2344,0.8167,0.8459,2.2504,0.9162,1.8772,1927.8,1.65,7.69,0,(89/98),0.9259,1.0000,0.1379,0.0800,0.6743,0.8210,high,high,3,0,0,39b48036b124bc7c16d1a0d092d6d730
T47.1,T47_S10.M05,23,47,1,S10,S,10,Bonvin,43,5,0,20,73,0.8036,0.2969,0.7500,0.8550,1.0609,0.8044,1.8781,1796.3,0.21,5.19,0,(89/98),0.9259,1.0000,0.0385,0.1154,0.6134,0.6924,high,high,3,0,0,13228c28c74b7b10ed0b9ebca9cb26ad
T47.1,T47_S10.M06,23,47,1,S10,S,10,Bonvin,43,6,0,20,73,0.7679,0.3065,0.7288,0.8228,1.5626,0.9050,2.1218,1761.8,0.75,7.01,0,(89/98),0.9259,0.9130,0.1071,0.1250,0.6256,0.8355,high,high,3,0,0,68518128b6474224c6a7a0d94052541f
T47.1,T47_S10.M07,23,47,1,S10,S,10,Bonvin,43,7,0,18,73,0.8750,0.3194,0.7657,0.8723,1.1775,0.8410,2.0737,1819.7,0.26,5.65,0,(89/98),0.8889,0.9565,0.0769,0.1200,0.6338,0.7240,high,high,3,0,0,8c335e88886711caaf47ff24c910ba07
T47.1,T47_S10.M08,23,47,1,S10,S,10,Bonvin,43,8,0,18,73,0.8929,0.2188,0.8333,0.8583,1.9640,0.9060,1.7914,1849.3,1.19,7.91,0,(89/98),0.9259,1.0000,0.0741,0.1154,0.6940,0.6026,high,high,3,0,0,6db4fd65136bfbeab31631fb6fcead40
T47.1,T47_S10.M09,23,47,1,S10,S,10,Bonvin,43,9,0,20,73,0.8571,0.2727,0.7869,0.8837,1.0089,0.7311,1.9310,1821.5,0.35,4.55,0,(89/98),0.9630,1.0000,0.0370,0.0800,0.5374,0.6177,high,high,3,0,0,60cc12922b4a37507169379d8f9dd845
T47.1,T47_S10.M10,23,47,1,S10,S,10,Bonvin,43,10,0,20,73,0.8214,0.2698,0.7731,0.8090,1.8423,1.0994,2.0714,1778.3,0.71,9.26,0,(89/98),0.8889,1.0000,0.0000,0.2069,0.5792,0.8726,medium,medium,2,0,0,c30cd515ee4a3ff20b64d9ed8676b316
T47.1,T47_S11.M01,23,47,1,S11,S,11,Grudinin,234,1,0,8,73,0.0000,1.0000,0.0000,0.0191,38.6474,14.0676,15.6812,2254.6,34.59,125.28,0,(89/99),0.4444,0.1304,0.5862,0.8966,0.3912,0.4921,incorrect,incorrect,0,0,0,4b25945e844f9f4e8c8984962a13dcb6
T47.1,T47_S11.M02,23,47,1,S11,S,11,Grudinin,234,2,0,15,73,0.8036,0.2742,0.7627,0.8287,2.3818,0.8540,2.0273,1806.7,1.54,10.04,0,(89/98),0.9259,0.9565,0.1071,0.1200,0.5766,0.7592,high,high,3,0,0,d38ed7d0aec346856a9e99baedf6d470
T47.1,T47_S11.M03,23,47,1,S11,S,11,Grudinin,234,3,0,4,73,0.0179,0.9844,0.0167,0.0286,35.4278,12.8144,14.0309,2114.7,30.62,140.78,0,(89/99),0.6296,0.1304,0.3462,0.8966,0.3912,0.4921,incorrect,incorrect,0,0,0,b3cf17570f46b4d6c1174816f3192368
T47.1,T47_S11.M04,23,47,1,S11,S,11,Grudinin,234,4,0,14,73,0.8393,0.3286,0.7460,0.7830,3.0974,1.1575,2.4761,1852.5,2.26,11.80,0,(89/98),0.9259,0.9565,0.0741,0.1852,0.7255,1.0308,medium,medium,2,0,0,bd04281e78d6bc14445cd61a3d618123
T47.1,T47_S11.M05,23,47,1,S11,S,11,Grudinin,234,5,0,19,73,0.8571,0.2615,0.7934,0.8574,1.8217,0.8452,1.8366,1795.6,0.84,8.88,0,(89/98),0.9630,1.0000,0.0714,0.1154,0.5048,0.6140,high,high,3,0,0,8b116a53b4f0c9f70074b0ccc7ba7d0f
T47.1,T47_S11.M06,23,47,1,S11,S,11,Grudinin,234,6,0,5,73,0.0179,0.9846,0.0166,0.0286,35.5555,12.7207,13.9782,2130.2,30.80,141.57,0,(89/99),0.5926,0.1304,0.3600,0.9000,0.3912,0.4921,incorrect,incorrect,0,0,0,7cc448013e4bce0b2ac7ec2603c3ab1f
T47.1,T47_S11.M07,23,47,1,S11,S,11,Grudinin,234,7,0,13,73,0.7679,0.2321,0.7679,0.8181,1.8697,0.9062,1.8435,1708.1,0.70,9.09,0,(89/98),0.8519,1.0000,0.0417,0.1154,0.6475,0.6278,high,high,3,0,0,7344c3b28029befa2ec456032d6d8805
T47.1,T47_S11.M08,23,47,1,S11,S,11,Grudinin,234,8,0,18,73,0.8214,0.2923,0.7603,0.8018,2.6376,1.0485,2.2134,1679.5,1.90,9.80,0,(89/98),0.8889,0.9130,0.0000,0.2222,0.7813,0.6915,medium,medium,2,0,0,56336a516405bf6112fb3a82eaa2610c
T47.1,T47_S11.M09,23,47,1,S11,S,11,Grudinin,234,9,0,4,73,0.0000,1.0000,0.0000,0.0191,38.8223,13.8315,15.2797,2054.1,34.53,134.67,0,(89/99),0.5185,0.0870,0.4815,0.9200,0.3912,0.4921,incorrect,incorrect,0,0,0,60c5da92306d1b46ad72e18c2f904109
T47.1,T47_S11.M10,23,47,1,S11,S,11,Grudinin,234,10,0,8,73,0.0000,1.0000,0.0000,0.0194,38.3417,13.9697,15.6094,2179.7,34.17,128.02,0,(89/99),0.4444,0.1304,0.5556,0.8966,0.3912,0.4921,incorrect,incorrect,0,0,0,d8c87c458d5e802fac643b8f7a916a19
T47.1,T47_S13.M01,23,47,1,S13,S,13,Bates,92,1,0,19,73,0.8571,0.4217,0.6906,0.7718,2.1011,1.4533,2.5695,2017.7,1.72,4.49,0,(89/98),0.9630,1.0000,0.1875,0.2069,0.9768,1.0188,medium,medium,2,0,0,2572e4ec5122d90832b08588463b6803
T47.1,T47_S13.M02,23,47,1,S13,S,13,Bates,92,2,0,13,73,0.9286,0.3500,0.7647,0.7449,4.1104,1.5132,2.3304,2071.4,3.27,13.97,0,(89/98),0.9259,1.0000,0.1379,0.1786,0.8143,0.8214,medium,medium,2,0,0,b8fdb3c36bfd41440839e73abb4b6190
T47.1,T47_S13.M03,23,47,1,S13,S,13,Bates,92,3,0,18,73,0.8929,0.3976,0.7194,0.7641,2.8763,1.4937,2.5498,1982.6,2.18,9.41,0,(89/98),0.9259,0.9565,0.1071,0.2143,1.0326,0.7817,medium,medium,2,0,0,f46053bd931b9d67d1ce6882e996cfc8
T47.1,T47_S13.M04,23,47,1,S13,S,13,Bates,92,4,0,14,73,0.9286,0.3500,0.7647,0.8158,2.1150,1.2840,2.2830,1932.2,1.53,7.30,0,(89/98),0.8889,0.9130,0.1429,0.2222,0.9051,0.7715,medium,medium,2,0,0,55a10b8412d44b62849287208139fde5
T47.1,T47_S13.M05,23,47,1,S13,S,13,Bates,92,5,0,19,73,0.8571,0.4000,0.7059,0.7873,2.1000,1.3234,2.3680,1946.3,1.33,7.37,0,(89/98),0.9630,0.9130,0.1613,0.1923,1.0516,0.9735,medium,medium,2,0,0,276aef5318c56dcae17908f74a5dc00a
T47.1,T47_S13.M06,23,47,1,S13,S,13,Bates,92,6,0,18,73,0.8036,0.4079,0.6818,0.7515,2.2797,1.4473,2.3517,1853.4,1.47,8.53,0,(89/98),0.8889,0.9565,0.1429,0.1852,0.9711,0.8758,medium,medium,2,0,0,402427a1311bfe01ac8db4c53c03377a
T47.1,T47_S13.M07,23,47,1,S13,S,13,Bates,92,7,0,18,73,0.8571,0.3846,0.7164,0.8254,1.8739,1.0634,2.0005,1853.3,1.26,6.56,0,(89/98),0.8889,0.9565,0.0400,0.2143,0.8575,0.7272,medium,medium,2,0,0,35ef4722b05facecbcaf9ec226f1d0e4
T47.1,T47_S13.M08,23,47,1,S13,S,13,Bates,92,8,0,18,73,0.8393,0.4125,0.6912,0.7757,2.0295,1.3793,2.2801,1939.4,1.48,4.09,0,(89/98),0.9630,0.8696,0.1333,0.1667,1.1951,0.9087,medium,medium,2,0,0,d29274bfdebb7d21ffb635903ae0bf88
T47.1,T47_S13.M09,23,47,1,S13,S,13,Bates,92,9,0,16,73,0.8393,0.3974,0.7015,0.7803,2.3410,1.2973,2.2808,1920.3,1.46,9.15,0,(89/98),0.9259,0.9565,0.0741,0.1538,0.9385,0.7597,medium,medium,2,0,0,c02dd96197fbff30f5a1cc48a0b06d33
T47.1,T47_S13.M10,23,47,1,S13,S,13,Bates,92,10,0,21,73,0.7321,0.4533,0.6260,0.7294,1.9797,1.4779,2.5853,1919.1,0.54,10.25,0,(89/98),0.9630,0.9565,0.1034,0.2143,0.9867,0.9472,medium,medium,2,0,0,83d7d2b467eb23f99f6a28d42b5ecd64
T47.1,T47_S14.M01,23,47,1,S14,S,14,Zou,155,1,0,26,73,0.8750,0.3194,0.7657,0.8514,1.6563,0.9451,1.8740,1818.7,1.25,4.76,0,(89/98),0.9630,1.0000,0.0370,0.1154,0.7795,0.7496,high,high,3,0,0,5ec96b0cc8d98effa2c78dd4bb65a43c
T47.1,T47_S14.M02,23,47,1,S14,S,14,Zou,155,2,0,20,73,0.8750,0.2794,0.7903,0.8579,1.7978,0.8853,2.0178,1755.0,0.88,8.29,0,(89/98),0.8889,0.9565,0.1111,0.1538,0.5717,0.8495,high,high,3,0,0,1565ba3b8ec9dc78495bc2f57dbd94c3
T47.1,T47_S14.M03,23,47,1,S14,S,14,Zou,155,3,0,21,73,0.8929,0.2308,0.8264,0.8585,1.9621,0.9051,1.7887,1868.0,1.18,7.92,0,(89/98),0.9259,1.0000,0.0741,0.1154,0.6929,0.6012,high,high,3,0,0,6db4fd65136bfbeab31631fb6fcead40
T47.1,T47_S14.M04,23,47,1,S14,S,14,Zou,155,4,0,21,73,0.8750,0.2222,0.8235,0.8463,2.2476,0.9142,1.8772,1931.0,1.64,7.69,0,(89/98),0.9259,1.0000,0.1379,0.0800,0.6727,0.8185,high,high,3,0,0,39b48036b124bc7c16d1a0d092d6d730
T47.1,T47_S14.M05,23,47,1,S14,S,14,Zou,155,5,0,18,73,0.8929,0.2958,0.7874,0.8618,1.4502,0.9338,2.0108,1760.1,0.26,7.66,0,(89/98),0.9259,0.9565,0.1071,0.1200,0.6510,0.7017,high,high,3,0,0,93dfd1f0b88de7d00659d9e5d7e208e2
T47.1,T47_S14.M06,23,47,1,S14,S,14,Zou,155,6,0,20,73,0.8750,0.2899,0.7840,0.8635,1.8227,0.8443,1.8337,1803.4,0.84,8.88,0,(89/98),0.9630,1.0000,0.0714,0.1154,0.5056,0.6129,high,high,3,0,0,8b116a53b4f0c9f70074b0ccc7ba7d0f
T47.1,T47_S14.M07,23,47,1,S14,S,14,Zou,155,7,0,8,73,0.8214,0.2069,0.8070,0.8992,0.9039,0.5346,1.6952,1616.9,0.63,3.10,0,(89/89),0.8889,1.0000,0.0000,0.0417,0.3890,0.4636,high,high,3,0,0,7c229939584cc57c0ac3873af0f1a466
T47.1,T47_S14.M08,23,47,1,S14,S,14,Zou,155,8,0,9,73,0.8036,0.1818,0.8108,0.8927,0.9904,0.5330,1.7125,1608.1,0.66,3.98,0,(89/89),0.8889,0.9565,0.0000,0.0000,0.3893,0.4635,high,high,3,0,0,027cbf37a490e3763b26abe3bfa1a707
T47.1,T47_S14.M09,23,47,1,S14,S,14,Zou,155,9,0,6,73,0.8214,0.1154,0.8518,0.8672,1.8836,0.6859,1.7319,1514.0,1.25,8.22,0,(89/89),0.8889,1.0000,0.0000,0.0417,0.3898,0.4634,high,high,3,0,0,7c5a26520d8e11eb7270e35bf41d179d
T47.1,T47_S14.M10,23,47,1,S14,S,14,Zou,155,10,0,10,73,0.8571,0.1864,0.8348,0.8844,1.4364,0.6933,1.7398,1611.1,0.58,7.08,0,(89/89),0.8889,1.0000,0.0000,0.0417,0.3893,0.4637,high,high,3,0,0,e20c6ae4ac638247739a18c9110b3cc6
T47.1,T47_S15.M01,23,47,1,S15,S,15,Fernandez-Recio,59,1,0,7,73,0.5357,0.4915,0.5217,0.6166,4.4838,1.4078,2.4396,1668.9,4.03,10.84,0,(89/79),0.7778,0.8696,0.2222,0.0909,0.9576,0.9829,medium,medium,2,0,0,c29a3cdae8f5388945690819cf91186e
T47.1,T47_S15.M02,23,47,1,S15,S,15,Fernandez-Recio,59,2,0,6,73,0.7679,0.2037,0.7818,0.8922,0.8948,0.4435,1.5276,1629.4,0.74,2.09,0,(89/98),0.8889,0.8696,0.0769,0.1304,0.3917,0.4666,high,high,3,0,0,e07056e8345effdff4f8c14056ac531b
T47.1,T47_S15.M03,23,47,1,S15,S,15,Fernandez-Recio,59,3,0,4,73,0.8214,0.1636,0.8288,0.9076,0.8862,0.4657,1.3927,1700.8,0.73,2.19,0,(89/98),0.8889,0.9130,0.0400,0.1250,0.3917,0.4666,high,high,3,0,0,8549bfd6ae5d1acf60dedf3d00e6fa41
T47.1,T47_S15.M04,23,47,1,S15,S,15,Fernandez-Recio,59,4,0,5,73,0.5357,0.4737,0.5310,0.6048,4.9679,1.4035,2.4252,1653.9,4.53,11.85,0,(89/79),0.7778,0.8696,0.2222,0.0909,0.7746,1.0081,medium,medium,2,0,0,92d76e531afb9a769fc14f17760e5f5f
T47.1,T47_S15.M05,23,47,1,S15,S,15,Fernandez-Recio,59,5,0,2,73,0.7857,0.2414,0.7719,0.8930,0.7253,0.4987,1.4398,1719.0,0.34,2.85,0,(89/98),0.8519,0.9130,0.0417,0.1250,0.3917,0.4667,high,high,3,0,0,61b4c453584860668eaa608b2d47d2ca
T47.1,T47_S15.M06,23,47,1,S15,S,15,Fernandez-Recio,59,6,0,4,73,0.5000,0.4909,0.5045,0.5950,4.7244,1.4381,2.4858,1649.9,4.28,11.29,0,(89/79),0.8148,0.8696,0.2143,0.0476,0.8995,0.9940,medium,medium,2,0,0,d534fa1fb20e360cfd3563a86e50c081
T47.1,T47_S15.M07,23,47,1,S15,S,15,Fernandez-Recio,59,7,0,3,73,0.4286,0.5789,0.4248,0.5409,4.2242,1.8673,2.9356,1655.2,3.27,13.84,0,(89/79),0.7407,0.8261,0.2000,0.0952,1.2697,0.9470,medium,medium,2,0,0,db701b2cd52ce955cfa8640947fb08dd
T47.1,T47_S15.M08,23,47,1,S15,S,15,Fernandez-Recio,59,8,0,6,73,0.5536,0.4259,0.5637,0.6061,4.7652,1.4886,2.5115,1631.7,4.12,14.03,0,(89/79),0.7778,0.8696,0.1923,0.0909,0.9208,0.9998,medium,medium,2,0,0,f791637eb0894d34dad4f75c1b5a6c46
T47.1,T47_S15.M09,23,47,1,S15,S,15,Fernandez-Recio,59,9,0,7,73,0.7500,0.2222,0.7636,0.8756,0.9280,0.5310,1.6732,1643.5,0.70,3.10,0,(89/98),0.8519,0.9130,0.0417,0.1600,0.3917,0.4667,high,high,3,0,0,679cdead75b59fdf352fa05b1d086310
T47.1,T47_S15.M10,23,47,1,S15,S,15,Fernandez-Recio,59,10,0,5,73,0.5536,0.4561,0.5487,0.6082,4.5620,1.5160,2.5339,1662.4,4.03,12.14,0,(89/79),0.7778,0.8261,0.1923,0.0952,0.9686,1.0636,medium,medium,2,0,0,a6900a5d561007801df12b615964e334
T47.1,T47_S18.M01,23,47,1,S18,S,18,Haliloglu,180,1,0,118,73,0.1250,0.8627,0.1309,0.1188,16.6893,9.2964,10.0921,1273.7,3.07,122.59,0,(89/98),0.7037,0.7391,0.1364,0.0556,0.3925,0.5465,incorrect,incorrect,0,1,0,7354f42047a1754993d47e19520e85cc
T47.1,T47_S18.M02,23,47,1,S18,S,18,Haliloglu,180,2,0,15,73,0.0000,1.0000,0.0000,0.0217,37.3884,11.7642,12.8716,1223.8,34.06,178.58,0,(89/89),0.2222,0.0870,0.6842,0.9091,0.3917,0.4618,incorrect,incorrect,0,0,0,df428cb7129f077bf9e0624e94717fbe
T47.1,T47_S18.M03,23,47,1,S18,S,18,Haliloglu,180,3,0,81,73,0.1964,0.8167,0.1896,0.1557,15.9277,6.6023,7.4206,1358.1,11.07,81.83,0,(89/98),0.6296,0.6522,0.2609,0.2500,0.3925,0.5465,incorrect,incorrect,0,1,0,30aa1019303cd3d412fb81edf3c59844
T47.1,T47_S18.M04,23,47,1,S18,S,18,Haliloglu,180,4,0,40,73,0.0893,0.9057,0.0917,0.0718,26.7711,7.9441,8.8488,1503.1,22.29,109.09,0,(88/100),0.7407,0.3913,0.2308,0.5714,0.3912,0.5459,incorrect,incorrect,0,0,0,d492037af620725265c0178830ab25f2
T47.1,T47_S18.M05,23,47,1,S18,S,18,Haliloglu,180,5,0,51,73,0.1071,0.8750,0.1154,0.1032,17.9229,10.8334,11.8197,1234.8,6.56,142.68,0,(89/98),0.4444,0.6522,0.3333,0.1176,0.3919,0.5465,incorrect,incorrect,0,0,0,84d99498fab12df9e2fd448bc84816a7
T47.1,T47_S18.M06,23,47,1,S18,S,18,Haliloglu,180,6,0,19,73,0.8036,0.2105,0.7965,0.8924,0.9941,0.5350,1.7270,1591.0,0.66,3.99,0,(89/89),0.8889,0.9565,0.0000,0.0435,0.3916,0.4618,high,high,3,0,0,027cbf37a490e3763b26abe3bfa1a707
T47.1,T47_S18.M07,23,47,1,S18,S,18,Haliloglu,180,7,0,70,73,0.1250,0.8108,0.1505,0.0983,20.2330,10.5570,11.3746,828.9,8.97,145.80,0,(89/98),0.4444,0.4783,0.0769,0.0000,0.3909,0.5465,incorrect,incorrect,0,0,0,e17ebd8ac62953de5a339b90811d44ff
T47.1,T47_S18.M08,23,47,1,S18,S,18,Haliloglu,180,8,0,23,73,0.1607,0.7907,0.1818,0.0913,26.6765,10.2253,11.1073,1370.1,20.60,178.74,0,(88/100),0.6667,0.3913,0.1000,0.5263,0.3913,0.5459,incorrect,incorrect,0,0,0,0ee7d911bf6e895298e37a4304b3da74
T47.1,T47_S18.M09,23,47,1,S18,S,18,Haliloglu,180,9,0,30,73,0.0893,0.8958,0.0962,0.0678,28.3883,8.2630,9.2121,1439.1,23.68,117.63,0,(88/100),0.7778,0.3913,0.1250,0.6250,0.3913,0.5459,incorrect,incorrect,0,0,0,397a8a508643f1089f0f844d2d1fc9c7
T47.1,T47_S18.M10,23,47,1,S18,S,18,Haliloglu,180,10,0,123,73,0.1607,0.8269,0.1667,0.1402,15.5793,8.4600,9.4232,1148.5,6.07,109.37,0,(89/98),0.4444,0.6087,0.3333,0.1765,0.3913,0.5465,incorrect,incorrect,0,1,0,5f900fc9f2d0afec41ba17638ecec286
T47.1,T47_S19.M01,23,47,1,S19,S,19,Korkin,235,1,0,18,73,0.7679,0.2712,0.7478,0.8198,1.8129,0.9005,1.9660,1740.6,1.03,8.08,0,(89/98),0.8889,0.9130,0.1111,0.0870,0.5557,0.7524,high,high,3,0,0,004a223c5a09711e0b6d125264d1e731
T47.1,T47_S19.M02,23,47,1,S19,S,19,Korkin,235,2,0,5,73,0.5179,0.5000,0.5088,0.6075,4.5261,1.4250,2.4361,1668.5,4.08,10.84,0,(89/79),0.7778,0.8696,0.2222,0.0909,0.9687,0.9881,medium,medium,2,0,0,0f50e45bf2e14eb1cdf7c047131ecc1b
T47.1,T47_S19.M03,23,47,1,S19,S,19,Korkin,235,3,0,4,73,0.5000,0.4615,0.5185,0.6078,4.4784,1.3828,2.4549,1556.9,4.02,11.03,0,(89/79),0.7778,0.8261,0.2222,0.0952,0.9218,0.9682,medium,medium,2,0,0,10566f15ff7e0019f5f4fb71b8b0221d
T47.1,T47_S19.M04,23,47,1,S19,S,19,Korkin,235,4,0,7,73,0.5357,0.4915,0.5217,0.6166,4.4838,1.4078,2.4396,1668.9,4.03,10.84,0,(89/79),0.7778,0.8696,0.2222,0.0909,0.9576,0.9829,medium,medium,2,0,0,c29a3cdae8f5388945690819cf91186e
T47.1,T47_S19.M05,23,47,1,S19,S,19,Korkin,235,5,0,15,73,0.8036,0.1667,0.8182,0.7894,2.1806,1.1583,2.2753,1716.4,1.44,9.86,0,(89/98),0.8519,0.9130,0.0800,0.1923,0.6408,0.9356,medium,medium,2,0,0,4f97559668a597baa27aa067636efcfd
T47.1,T47_S19.M06,23,47,1,S19,S,19,Korkin,235,6,0,15,73,0.7321,0.3788,0.6721,0.7422,2.0303,1.3614,2.2329,1886.3,1.00,9.04,0,(89/98),0.9259,0.9130,0.0741,0.2222,0.9668,0.7688,medium,medium,2,0,0,f22c2c4ca253f235fab990b03f30ccd6
T47.1,T47_S19.M07,23,47,1,S19,S,19,Korkin,235,7,0,13,73,0.7857,0.3125,0.7333,0.8423,1.6482,0.8028,1.9159,1799.9,0.84,7.78,0,(89/98),0.9259,0.9565,0.0385,0.1538,0.5663,0.7666,high,high,3,0,0,2733ff1cc24169f04fb9c2e86a5baa1d
T47.1,T47_S19.M08,23,47,1,S19,S,19,Korkin,235,8,0,10,73,0.4821,0.5091,0.4865,0.5915,4.8973,1.3800,2.4228,1592.4,4.43,12.07,0,(89/79),0.7778,0.8261,0.2222,0.0952,0.7797,0.9787,medium,medium,2,0,0,569ccca8afd7d65234687e7f4758e048
T47.1,T47_S19.M09,23,47,1,S19,S,19,Korkin,235,9,0,3,73,0.5179,0.4314,0.5421,0.6003,4.7127,1.4463,2.4935,1593.4,4.09,13.83,0,(89/79),0.7778,0.8696,0.2222,0.0909,0.8588,1.0077,medium,medium,2,0,0,ab80a56f840620ee262ff7dc3c7848b7
T47.1,T47_S19.M10,23,47,1,S19,S,19,Korkin,235,10,0,6,73,0.7321,0.2679,0.7321,0.8096,1.7385,0.8962,1.9807,1549.0,0.87,8.26,0,(89/100),0.8519,0.9565,0.0000,0.0833,0.3917,0.4595,high,high,3,0,0,f03ac15211baf0d480aa34b6cbd15016
T47.1,T47_S20.M01,23,47,1,S20,S,20,Camacho,95,1,0,20,73,0.8036,0.2969,0.7500,0.8550,1.0609,0.8044,1.8781,1796.3,0.21,5.19,0,(89/98),0.9259,1.0000,0.0385,0.1154,0.6134,0.6924,high,high,3,0,0,13228c28c74b7b10ed0b9ebca9cb26ad
T47.1,T47_S20.M02,23,47,1,S20,S,20,Camacho,95,2,0,20,73,0.7679,0.3065,0.7288,0.8228,1.5626,0.9050,2.1218,1761.8,0.75,7.01,0,(89/98),0.9259,0.9130,0.1071,0.1250,0.6256,0.8355,high,high,3,0,0,68518128b6474224c6a7a0d94052541f
T47.1,T47_S20.M03,23,47,1,S20,S,20,Camacho,95,3,0,18,73,0.8393,0.2985,0.7642,0.8583,1.7234,0.8082,1.8500,1817.2,0.72,8.64,0,(89/98),0.9630,0.9565,0.0370,0.1538,0.5978,0.6615,high,high,3,0,0,53760514fab74de73a763e9c6c02e979
T47.1,T47_S20.M04,23,47,1,S20,S,20,Camacho,95,4,0,19,73,0.7857,0.2667,0.7586,0.7529,2.1238,1.4073,2.1228,1721.2,0.99,9.60,0,(89/98),0.8889,0.9130,0.0769,0.1250,1.0197,0.7465,medium,medium,2,0,0,09531fa3ba74fe0448380c7dfac55700
T47.1,T47_S20.M05,23,47,1,S20,S,20,Camacho,95,5,0,18,73,0.8750,0.3194,0.7657,0.8723,1.1775,0.8410,2.0737,1819.7,0.26,5.65,0,(89/98),0.8889,0.9565,0.0769,0.1200,0.6338,0.7240,high,high,3,0,0,8c335e88886711caaf47ff24c910ba07
T47.1,T47_S20.M06,23,47,1,S20,S,20,Camacho,95,6,0,18,73,0.7679,0.2712,0.7478,0.8198,1.8129,0.9005,1.9660,1740.6,1.03,8.08,0,(89/98),0.8889,0.9130,0.1111,0.0870,0.5557,0.7524,high,high,3,0,0,004a223c5a09711e0b6d125264d1e731
T47.1,T47_S20.M07,23,47,1,S20,S,20,Camacho,95,7,0,17,73,0.8393,0.2419,0.7966,0.8387,1.8928,0.9258,1.7770,1795.0,1.09,8.69,0,(89/98),0.9630,0.9565,0.0370,0.0833,0.5636,0.7522,high,high,3,0,0,d47bf266b5ce39ffd675f04e517b0d53
T47.1,T47_S20.M08,23,47,1,S20,S,20,Camacho,95,8,0,19,73,0.8393,0.2540,0.7899,0.8426,1.6286,0.9264,1.9414,1705.3,1.34,3.57,0,(89/98),0.9259,0.9130,0.0385,0.1250,0.6852,1.0038,high,high,3,0,0,9b74d6d0028f199f494e6472848e35f2
T47.1,T47_S20.M09,23,47,1,S20,S,20,Camacho,95,9,0,18,73,0.8393,0.2769,0.7769,0.8647,1.4337,0.7907,1.8689,1732.2,0.41,7.11,0,(89/98),0.9259,0.8696,0.0385,0.1304,0.7499,0.5808,high,high,3,0,0,7e36c23a2097bee67302db16ff25e8a0
T47.1,T47_S20.M10,23,47,1,S20,S,20,Camacho,95,10,0,17,73,0.8036,0.2857,0.7563,0.8504,1.4483,0.8062,1.8893,1725.3,0.52,7.02,0,(89/98),0.8148,1.0000,0.0435,0.0800,0.6351,0.7728,high,high,3,0,0,34daed33f0e4d0e7b091fe73e99b8f81
T47.1,T47_S21.M01,23,47,1,S21,S,21,Umeyama,236,1,0,12,73,0.8214,0.2333,0.7931,0.8770,1.3842,0.6660,1.8525,1569.2,0.54,6.77,0,(89/89),0.9259,0.9565,0.0000,0.0435,0.5340,0.5002,high,high,3,0,0,a56076c2fececcbef76192acbd0c12a6
T47.1,T47_S21.M02,23,47,1,S21,S,21,Umeyama,236,2,0,4,73,0.6964,0.3036,0.6964,0.8121,1.3304,0.8342,2.3820,1566.8,0.36,6.88,0,(89/99),0.9259,0.9130,0.0385,0.0870,0.3912,0.4921,high,high,3,0,0,ba28739983c73b657f40c9b4e27aa679
T47.1,T47_S21.M03,23,47,1,S21,S,21,Umeyama,236,3,0,15,73,0.8571,0.2131,0.8205,0.8330,2.2676,0.9628,1.9835,1602.7,1.24,10.66,0,(89/89),0.8889,0.9565,0.0000,0.0833,0.5247,0.5215,high,high,3,0,0,0854065f72d9cea2f259fa1a6c1994e6
T47.1,T47_S21.M04,23,47,1,S21,S,21,Umeyama,236,4,0,19,73,0.8393,0.2985,0.7642,0.8349,1.7237,0.9705,1.9077,1791.5,0.38,8.93,0,(89/98),0.9630,0.9565,0.0714,0.1200,0.5756,0.6248,high,high,3,0,0,7cf7e6db1b1bdc3acfc87a791fdf4255
T47.1,T47_S21.M05,23,47,1,S21,S,21,Umeyama,236,5,0,16,73,0.8036,0.3182,0.7377,0.8406,1.4147,0.8772,2.0105,1824.6,0.26,7.20,0,(89/98),0.9259,1.0000,0.0385,0.1154,0.5667,0.7314,high,high,3,0,0,3a97d9121f6682c1e57b7739f7286cf6
T47.1,T47_S21.M06,23,47,1,S21,S,21,Umeyama,236,6,0,14,73,0.8036,0.1964,0.8036,0.7544,3.8890,1.1430,2.0457,1519.5,2.90,14.36,0,(89/89),0.8519,0.9130,0.0000,0.0455,0.5247,0.5236,medium,medium,2,0,0,8527d528bee9a05282372a5104ea1789
T47.1,T47_S21.M07,23,47,1,S21,S,21,Umeyama,236,7,0,18,73,0.8393,0.2985,0.7642,0.8583,1.7234,0.8082,1.8500,1817.2,0.72,8.64,0,(89/98),0.9630,0.9565,0.0370,0.1538,0.5978,0.6615,high,high,3,0,0,53760514fab74de73a763e9c6c02e979
T47.1,T47_S21.M08,23,47,1,S21,S,21,Umeyama,236,8,0,12,73,0.8214,0.2333,0.7931,0.8133,2.7284,0.9541,1.9930,1618.2,1.86,10.99,0,(89/89),0.8889,0.9565,0.0000,0.0833,0.5361,0.4874,high,high,3,0,0,65b230c933148926ebacbb8e8a507dd9
