target,top1_success,top1_model,top1_mdn,top1_fnat,top1_dockq,top1_interface,top1_close,top1_clash,first_good_rank,first_good_model,first_good_mdn,first_good_fnat,first_good_dockq,first_good_interface,first_good_close,first_good_clash,best_fnat_model,best_fnat,best_fnat_dockq,best_fnat_rank,n_success
S-T024.1,False,348,-0.6387753486633301,0.0,0.0122,7840.0,1105.0,23.0,0,,,,,,,,348,0.0,0.0122,1,0
S-T025.1,False,340,-0.6381136178970337,0.1731,0.1072,11120.0,1701.0,34.0,3,376,-0.6419395208358765,0.9231,0.8286,10344.0,1435.0,27.0,376,0.9231,0.8286,3,20
S-T026.1,True,393,-0.6581473350524902,0.5054,0.6096,9842.0,1557.0,42.0,1,393,-0.6581473350524902,0.5054,0.6096,9842.0,1557.0,42.0,363,0.5484,0.7067,30,14
S-T029.1,False,438,-0.6548284888267517,0.0,0.0109,7181.0,943.0,13.0,2,453,-0.6610672473907471,0.6327,0.6298,10660.0,1666.0,44.0,452,0.7959,0.7571,7,27
S-T030.1,False,473,-0.6628010272979736,0.0,0.0142,5449.0,800.0,20.0,0,,,,,,,,448,0.2143,0.1357,69,0
S-T032.1,False,401,-0.6490945816040039,0.0,0.0193,9007.0,1265.0,33.0,34,447,-0.6961944103240967,0.3412,0.2817,6793.0,938.0,18.0,449,0.4706,0.4577,93,2
S-T035.1,False,420,-0.6728293299674988,0.0,0.009,13432.0,2040.0,49.0,0,,,,,,,,352,0.1538,0.1966,74,0
S-T036.1,False,340,-0.6584379076957703,0.0462,0.0391,11453.0,1702.0,47.0,0,,,,,,,,369,0.1692,0.0967,42,0
S-T037.1,False,415,-0.6326394081115723,0.0,0.0126,5715.0,800.0,20.0,10,446,-0.6724482774734497,0.7959,0.6757,5932.0,823.0,20.0,444,0.9388,0.9033,54,22
S-T037.2,False,401,-0.6437975764274597,0.0204,0.1384,6096.0,922.0,14.0,8,402,-0.6696795225143433,0.6122,0.5449,5489.0,843.0,31.0,405,0.6735,0.7031,14,9
S-T038.1,False,471,-0.6635483503341675,0.0,0.0478,9358.0,1323.0,34.0,0,,,,,,,,479,0.1176,0.1023,2,0
S-T039.1,False,368,-0.6655703783035278,0.0,0.0094,10300.0,1609.0,41.0,0,,,,,,,,486,0.0784,0.1276,81,0
S-T040.1,True,378,-1.4313490390777588,0.8594,0.7056,34549.0,7973.0,873.0,1,378,-1.4313490390777588,0.8594,0.7056,34549.0,7973.0,873.0,381,0.9219,0.8416,36,59
S-T040.2,False,448,-0.6466529965400696,0.0,0.0383,9930.0,1390.0,29.0,2,504,-0.6478654742240906,0.3684,0.2113,7910.0,1099.0,22.0,511,0.9452,0.899,84,44
S-T041.1,True,385,-0.6225258708000183,0.5932,0.4472,8811.0,1398.0,36.0,1,385,-0.6225258708000183,0.5932,0.4472,8811.0,1398.0,36.0,376,0.9492,0.9255,63,73
S-T046.1,True,503,-0.6548780202865601,0.4203,0.2212,15046.0,2139.0,60.0,1,503,-0.6548780202865601,0.4203,0.2212,15046.0,2139.0,60.0,453,0.5362,0.3627,11,27
S-T047.1,True,401,-0.617780864238739,0.8393,0.8349,8141.0,1272.0,31.0,1,401,-0.617780864238739,0.8393,0.8349,8141.0,1272.0,31.0,339,0.9286,0.7449,17,101
S-T050.1,True,411,-0.6992912292480469,0.6735,0.5834,25889.0,3694.0,65.0,1,411,-0.6992912292480469,0.6735,0.5834,25889.0,3694.0,65.0,428,0.7347,0.5264,90,26
S-T053.1,False,483,-0.6404362320899963,0.1538,0.1189,11952.0,2046.0,60.0,2,453,-0.6428931355476379,0.4231,0.4973,10600.0,1633.0,33.0,394,0.7692,0.7518,4,25
S-T054.1,True,480,-0.651255190372467,0.32,0.1639,8027.0,1163.0,28.0,1,480,-0.651255190372467,0.32,0.1639,8027.0,1163.0,28.0,480,0.32,0.1639,1,1
S-T068.1,False,335,-1.2262722253799438,0.12,0.1212,29260.0,6446.0,690.0,0,,,,,,,,249,0.25,0.1359,67,0
S-T068.2,False,268,-0.639219343662262,0.0,0.0242,13065.0,1997.0,45.0,0,,,,,,,,299,0.0233,0.0333,74,0
S-T069.1,True,375,-0.6623514890670776,0.5075,0.5509,18231.0,2627.0,72.0,1,375,-0.6623514890670776,0.5075,0.5509,18231.0,2627.0,72.0,277,0.6482,0.5979,54,74
S-T070.1,False,325,-0.6424198150634766,0.0303,0.0429,9840.0,1387.0,24.0,0,,,,,,,,273,0.0909,0.0588,46,0
S-T070.2,True,351,-0.6343721151351929,0.3333,0.4157,5841.0,830.0,20.0,1,351,-0.6343721151351929,0.3333,0.4157,5841.0,830.0,20.0,252,0.75,0.6272,28,25
S-T071.1,False,323,-0.47324851155281067,0.0,0.0428,85.0,0.0,0.0,0,,,,,,,,338,0.2979,0.1914,35,0
S-T071.2,False,258,-0.0020607791375368834,0.0,0.0117,15.0,0.0,0.0,0,,,,,,,,224,0.1081,0.0463,10,0
S-T071.3,False,328,-0.5533974766731262,0.0,0.0812,127.0,0.0,0.0,31,244,-0.7033372521400452,0.6,0.4811,5630.0,880.0,21.0,303,0.625,0.4911,52,5
S-T072.1,True,268,-0.6316573023796082,0.4211,0.2632,17266.0,2701.0,71.0,1,268,-0.6316573023796082,0.4211,0.2632,17266.0,2701.0,71.0,310,0.6316,0.3983,33,10
S-T073.1,False,279,0.011123618111014366,0.0,0.0264,3.0,0.0,0.0,0,,,,,,,,282,0.2941,0.1828,26,0
S-T073.2,False,327,0.15680700540542603,0.0,0.0247,7.0,0.0,0.0,81,273,-0.7396965026855469,0.75,0.2844,8612.0,1225.0,38.0,273,0.75,0.2844,81,3
S-T075.1,True,260,-0.6536068916320801,0.411,0.3237,11177.0,1609.0,40.0,1,260,-0.6536068916320801,0.411,0.3237,11177.0,1609.0,40.0,366,0.5479,0.5566,52,33
S-T077.1,False,320,-0.6658192276954651,0.0,0.0068,10208.0,1488.0,34.0,0,,,,,,,,318,0.1222,0.0534,105,0
S-T078.1,False,260,-0.5327602624893188,0.0,0.0243,527.0,1.0,0.0,4,331,-0.6743593811988831,0.3661,0.205,18886.0,2913.0,56.0,258,0.4464,0.2268,20,42
S-T079.1,False,318,-0.6335172653198242,0.0,0.0156,7316.0,1124.0,19.0,2,266,-0.6528814435005188,0.6346,0.5884,7180.0,1133.0,28.0,322,0.7451,0.5941,66,6
S-T080.1,True,375,-0.6572083830833435,0.6875,0.6871,22990.0,3542.0,85.0,1,375,-0.6572083830833435,0.6875,0.6871,22990.0,3542.0,85.0,271,0.8125,0.7872,19,64
S-T081.1,True,247,-0.6299588084220886,0.3125,0.3453,5587.0,875.0,33.0,1,247,-0.6299588084220886,0.3125,0.3453,5587.0,875.0,33.0,243,0.7917,0.685,42,41
S-T085.1,False,358,-0.6936500668525696,0.0109,0.0145,19291.0,2993.0,91.0,10,326,-0.7276967167854309,0.7382,0.4674,37825.0,5327.0,122.0,286,0.7927,0.7163,41,103
S-T086.1,False,282,-0.6249105334281921,0.0,0.0268,6915.0,955.0,24.0,12,363,-0.6817665696144104,0.5714,0.488,8409.0,1323.0,39.0,363,0.5714,0.488,12,4
S-T086.2,False,282,-0.624729573726654,0.0,0.0258,6915.0,955.0,24.0,10,290,-0.6737282872200012,0.3158,0.1582,6792.0,916.0,18.0,275,1.0,0.8141,52,9
S-T087.1,False,257,-1.659804105758667,0.0458,0.0709,68090.0,14404.0,1608.0,4,307,-1.6905955076217651,0.524,0.4923,73302.0,15352.0,1690.0,268,0.6538,0.6055,26,82
S-T088.1,False,280,-0.6432316899299622,0.0526,0.1313,15728.0,2535.0,60.0,0,,,,,,,,346,0.1875,0.1542,105,0
S-T089.1,False,279,-1.9061939716339111,0.0,0.0114,89788.0,19322.0,2062.0,5,243,-1.9565482139587402,0.4717,0.3272,97285.0,20687.0,2241.0,287,0.7925,0.6801,103,51
S-T090.1,True,279,-0.6459735631942749,0.5541,0.5376,22837.0,3474.0,84.0,1,279,-0.6459735631942749,0.5541,0.5376,22837.0,3474.0,84.0,255,0.7516,0.585,34,54
S-T091.1,True,280,-0.6398249268531799,0.7273,0.5955,12751.0,1901.0,39.0,1,280,-0.6398249268531799,0.7273,0.5955,12751.0,1901.0,39.0,352,0.7955,0.6107,58,88
S-T092.1,True,264,-0.6517058610916138,0.3577,0.4666,17258.0,2585.0,58.0,1,264,-0.6517058610916138,0.3577,0.4666,17258.0,2585.0,58.0,246,0.5203,0.5183,4,63
S-T093.1,False,313,-0.6561498045921326,0.0,0.0121,17343.0,2593.0,71.0,2,300,-0.664415717124939,0.6169,0.575,24622.0,3636.0,106.0,287,0.7363,0.6827,73,86
S-T094.1,False,240,-0.6568591594696045,0.0,0.0195,14664.0,2269.0,52.0,2,236,-0.6671174168586731,0.7083,0.5762,9396.0,1381.0,28.0,236,0.7083,0.5762,2,42
S-T096.1,False,381,-0.6344719529151917,0.0182,0.0607,15970.0,2378.0,53.0,4,386,-0.6613112688064575,0.32,0.3634,11189.0,1436.0,29.0,386,0.32,0.3634,4,1
S-T097.1,False,363,-0.6356029510498047,0.0366,0.0418,10952.0,1680.0,37.0,12,403,-0.6559354066848755,0.5488,0.5486,11233.0,1776.0,43.0,403,0.5488,0.5486,12,12
S-T098.1,False,327,-0.6504822969436646,0.0,0.045,7532.0,1064.0,23.0,0,,,,,,,,350,0.055,0.0362,57,0
S-T099.1,False,393,-0.6627950072288513,0.0,0.0312,10334.0,1559.0,38.0,0,,,,,,,,299,0.0619,0.0702,20,0
S-T100.1,False,327,-0.6687062978744507,0.0,0.061,9026.0,1320.0,33.0,0,,,,,,,,276,0.2807,0.1152,124,0
S-T101.1,False,392,-0.65147465467453,0.0,0.0084,9052.0,1253.0,28.0,0,,,,,,,,371,0.0495,0.0267,63,0
S-T104.1,True,363,-0.6375141739845276,0.65,0.6977,7942.0,1160.0,27.0,1,363,-0.6375141739845276,0.65,0.6977,7942.0,1160.0,27.0,410,0.8167,0.8433,34,140
S-T105.1,True,424,-0.6331708431243896,0.4815,0.4391,8152.0,1223.0,27.0,1,424,-0.6331708431243896,0.4815,0.4391,8152.0,1223.0,27.0,486,0.9259,0.8891,158,149
S-T107.1,False,366,-0.6962634325027466,0.0169,0.1037,12535.0,1930.0,57.0,0,,,,,,,,387,0.0763,0.0815,47,0
S-T110.1,False,325,-0.6473513841629028,0.026,0.0512,11935.0,1669.0,47.0,2,284,-0.6566041707992554,0.4675,0.5521,10470.0,1738.0,34.0,347,0.5584,0.5821,62,97
S-T113.1,False,393,-0.6438109874725342,0.026,0.0662,9277.0,1459.0,34.0,0,,,,,,,,361,0.2667,0.282,93,0
S-T116.1,False,422,-0.645186722278595,0.2165,0.0825,16898.0,2417.0,60.0,25,357,-0.6686379909515381,0.6082,0.22,20507.0,3125.0,72.0,447,0.6495,0.2263,97,29
S-T117.1,False,399,-1.7106454372406006,0.0,0.0137,64800.0,14490.0,1572.0,3,335,-1.7220373153686523,0.5395,0.1916,66930.0,14964.0,1656.0,359,0.7803,0.2777,11,60
S-T117.2,False,348,0.005560783203691244,0.0,0.011,11.0,0.0,0.0,0,,,,,,,,324,0.0566,0.0316,21,0
S-T117.3,False,258,-0.6741806268692017,0.0,0.0178,11086.0,1573.0,35.0,31,320,-0.7199949026107788,0.4965,0.1693,34422.0,4952.0,118.0,358,0.811,0.2886,115,65
S-T117.4,False,343,-1.6933505535125732,0.0,0.0097,69593.0,15525.0,1697.0,155,297,-1.933000087738037,0.3111,0.3238,97713.0,20609.0,2289.0,297,0.3111,0.3238,155,1
S-T119.1,True,331,-0.6327893733978271,0.6117,0.4741,17986.0,2890.0,72.0,1,331,-0.6327893733978271,0.6117,0.4741,17986.0,2890.0,72.0,311,0.8214,0.4809,113,91
S-T120.1,False,298,-0.6480252146720886,0.0139,0.0468,7153.0,1057.0,33.0,3,379,-0.6593149304389954,0.3472,0.3473,6846.0,1054.0,38.0,319,0.3611,0.4403,18,7
S-T121.1,False,486,-0.6669994592666626,0.0,0.0499,5048.0,688.0,13.0,21,493,-0.7215210199356079,0.3509,0.3566,7509.0,1173.0,24.0,387,0.386,0.4195,67,9
S-T122.1,False,2390,-0.6648181080818176,0.0,0.1923,4583.0,662.0,10.0,21,2541,-0.692456841468811,0.3902,0.2418,10902.0,1537.0,39.0,2543,0.4146,0.2502,169,16
S-T123.1,False,2461,-0.6547821164131165,0.0,0.0294,9409.0,1413.0,34.0,0,,,,,,,,2552,0.16,0.0762,137,0
S-T124.1,False,2110,-0.6477725505828857,0.0066,0.0149,17223.0,2710.0,65.0,0,,,,,,,,2072,0.0728,0.0279,83,0
S-T125.1,False,2048,0.09256317466497421,0.0,0.0263,6.0,0.0,0.0,13,2125,-0.6705015301704407,0.4677,0.6106,7863.0,1183.0,25.0,2179,0.7419,0.8124,96,82
S-T125.2,False,2135,-0.633990466594696,0.1316,0.3103,8769.0,1257.0,32.0,2,2203,-0.6493465304374695,0.8056,0.6078,7810.0,1168.0,23.0,2195,0.9737,0.8878,51,170
S-T125.3,False,2146,-1.2676727771759033,0.0,0.0551,24566.0,5514.0,596.0,0,,,,,,,,2211,0.2121,0.1463,67,0
S-T125.4,False,2072,0.21815022826194763,0.0,0.0189,3.0,0.0,0.0,0,,,,,,,,2140,0.0732,0.1127,127,0
S-T131.1,False,2302,-1.69617760181427,0.0,0.0194,74083.0,15663.0,1689.0,125,2350,-1.8007378578186035,0.4932,0.6038,81493.0,17059.0,1813.0,2275,0.549,0.5695,183,5
S-T132.1,False,2300,-0.6300562024116516,0.2687,0.2639,8239.0,1270.0,23.0,11,2447,-0.660477340221405,0.3731,0.4359,7712.0,1271.0,48.0,2373,0.5079,0.5527,23,2
S-T133.1,True,2600,-0.6229316592216492,0.3208,0.3221,7793.0,1218.0,25.0,1,2600,-0.6229316592216492,0.3208,0.3221,7793.0,1218.0,25.0,2652,0.8491,0.7713,48,83
S-T136.1,True,444,-0.7227687239646912,0.6006,0.6555,42825.0,6729.0,224.0,1,444,-0.7227687239646912,0.6006,0.6555,42825.0,6729.0,224.0,331,0.7226,0.6884,25,117
S-T136.2,True,329,-0.708746075630188,0.4118,0.5442,14122.0,1881.0,40.0,1,329,-0.708746075630188,0.4118,0.5442,14122.0,1881.0,40.0,380,0.549,0.5662,25,57
S-T136.3,False,416,-0.6872624754905701,0.0,0.2657,5876.0,576.0,16.0,3,421,-0.6941714882850647,0.5116,0.4789,14925.0,2041.0,41.0,299,0.5778,0.6028,95,41
S-T138.1,False,1796,-0.6740201711654663,0.0,0.0067,14541.0,1938.0,40.0,0,,,,,,,,1884,0.1132,0.0531,104,0
S-T138.2,False,1807,-0.6664324998855591,0.0,0.0026,8853.0,1365.0,37.0,0,,,,,,,,1851,0.209,0.0842,36,0
S-T140.1,False,1747,-0.6718435883522034,0.0,0.0497,10616.0,1777.0,61.0,8,1839,-0.6957006454467773,0.392,0.4016,24869.0,3576.0,80.0,1827,0.804,0.7175,116,150
S-T141.1,False,1797,-0.6694371104240417,0.0284,0.0359,25105.0,3810.0,92.0,21,1800,-0.6880898475646973,0.3984,0.3611,20520.0,3205.0,108.0,1766,0.4779,0.3875,111,16
S-T142.1,False,1832,-0.6552971005439758,0.0,0.0168,6112.0,894.0,15.0,2,1772,-0.6687233448028564,0.5714,0.5533,7915.0,1183.0,15.0,1746,0.8095,0.7577,11,43
S-T143.1,True,1959,-0.6345142722129822,0.3478,0.4255,7490.0,1112.0,20.0,1,1959,-0.6345142722129822,0.3478,0.4255,7490.0,1112.0,20.0,1832,0.9275,0.5941,64,109
S-T144.1,False,1711,-0.7386650443077087,0.122,0.1863,48048.0,7208.0,156.0,13,1780,-0.7560511827468872,0.5163,0.5009,43095.0,6733.0,205.0,1785,0.565,0.5754,138,119
S-T146.1,True,1911,-1.4637705087661743,0.7419,0.3813,50802.0,10762.0,1194.0,1,1911,-1.4637705087661743,0.7419,0.3813,50802.0,10762.0,1194.0,1801,0.871,0.4043,21,44
S-T146.2,False,1864,-0.43895286321640015,0.0,0.0115,50.0,0.0,0.0,0,,,,,,,,1823,0.2222,0.2157,34,0
S-T146.3,False,1915,-1.427264928817749,0.0,0.0199,48373.0,10511.0,1175.0,16,1859,-1.5196776390075684,0.4,0.3534,49328.0,10720.0,1166.0,1890,0.8222,0.5842,115,6
S-T151.1,True,342,-0.69122314453125,0.925,0.9026,13742.0,2278.0,49.0,1,342,-0.69122314453125,0.925,0.9026,13742.0,2278.0,49.0,402,0.9583,0.9021,7,91
S-T151.2,False,1214,-0.6708548665046692,0.0,0.0074,14762.0,2287.0,67.0,3,1281,-0.727983832359314,0.3889,0.2831,15791.0,2046.0,47.0,1211,0.6905,0.3769,42,4
S-T151.3,False,1403,-0.6300919055938721,0.0,0.0031,4068.0,580.0,11.0,4,1412,-0.6750102639198303,0.4186,0.1647,6744.0,951.0,24.0,1420,0.5349,0.2361,67,80
S-T151.4,False,1332,0.47650086879730225,0.0,0.0074,1.0,0.0,0.0,0,,,,,,,,1315,0.0526,0.0908,33,0
S-T151.5,False,1252,-0.23536378145217896,0.0,0.0169,24.0,0.0,0.0,0,,,,,,,,1305,0.05,0.0421,78,0
S-T152.1,False,1990,-0.6727010011672974,0.0,0.0248,26000.0,3909.0,80.0,2,1918,-0.6733283400535583,0.6708,0.7248,39383.0,6154.0,136.0,1942,0.7857,0.8578,165,148
S-T153.1,True,2106,-0.6218581199645996,0.7556,0.5854,9726.0,1412.0,25.0,1,2106,-0.6218581199645996,0.7556,0.5854,9726.0,1412.0,25.0,2140,0.9111,0.842,125,112
S-T154.1,False,2071,-0.6806784868240356,0.0,0.0212,14376.0,2169.0,37.0,0,,,,,,,,2087,0.1842,0.3151,110,0
S-T158.1,True,1426,-1.7568120956420898,0.5455,0.6116,76597.0,15805.0,1693.0,1,1426,-1.7568120956420898,0.5455,0.6116,76597.0,15805.0,1693.0,1393,0.7273,0.6309,83,120
S-T159.1,False,1072,-0.6502060294151306,0.2525,0.3572,12663.0,1797.0,48.0,3,1169,-0.6632193326950073,0.6975,0.7225,18441.0,2748.0,62.0,1058,0.7647,0.7474,93,125
S-T159.2,False,820,-0.6649289727210999,0.0222,0.0403,12500.0,1830.0,42.0,0,,,,,,,,753,0.0833,0.0531,30,0
S-T159.3,False,811,-0.6606185436248779,0.0,0.0024,5878.0,730.0,12.0,0,,,,,,,,835,0.019,0.0127,9,0
S-T159.4,False,452,-0.6649461984634399,0.0,0.0134,5599.0,770.0,15.0,0,,,,,,,,490,0.0213,0.0412,33,0
S-T159.5,False,464,-0.643714427947998,0.0857,0.0358,6909.0,985.0,30.0,0,,,,,,,,498,0.1429,0.0548,18,0
S-T159.6,False,827,-0.6873432397842407,0.2821,0.3596,6964.0,803.0,20.0,3,763,-0.6914495825767517,0.641,0.4338,9469.0,1346.0,16.0,749,0.8462,0.6579,51,103
S-T159.7,False,1009,-0.6553261280059814,0.1562,0.3741,7947.0,1255.0,40.0,6,1016,-0.6865840554237366,0.4062,0.5229,8016.0,1210.0,25.0,927,0.6875,0.6544,119,9
S-T164.1,True,1644,-0.6716094017028809,0.5739,0.4595,40031.0,6116.0,158.0,1,1644,-0.6716094017028809,0.5739,0.4595,40031.0,6116.0,158.0,1750,0.6522,0.4718,10,145
S-T165.1,False,1385,0.022144092246890068,0.0,0.0018,10.0,0.0,0.0,0,,,,,,,,1333,0.0484,0.0879,92,0
S-T166.1,True,1520,-0.6353752613067627,0.6667,0.5646,7061.0,1099.0,32.0,1,1520,-0.6353752613067627,0.6667,0.5646,7061.0,1099.0,32.0,1511,0.9074,0.6865,53,95
S-T169.1,False,1624,-0.643108069896698,0.0098,0.0811,10216.0,1498.0,29.0,0,,,,,,,,1512,0.0686,0.1601,46,0
S-T176.1,False,1480,-0.6481093168258667,0.0,0.0484,11204.0,1716.0,37.0,32,1646,-0.6817259192466736,0.3571,0.2286,9013.0,1304.0,29.0,1641,0.6786,0.4281,79,4
S-T180.1,False,985,-0.654012143611908,0.0291,0.0772,14608.0,2307.0,94.0,13,1027,-0.6812001466751099,0.4655,0.422,18058.0,2881.0,108.0,1027,0.4655,0.422,13,10
S-T180.2,False,907,-0.6549584865570068,0.0,0.0178,14014.0,1926.0,61.0,2,992,-0.6552221775054932,0.4286,0.2693,5517.0,788.0,19.0,893,0.525,0.3652,58,94
