target,n_models,top1_score,top1_model_order,top1_pdb_model_id,top1_identification,top1_fnat,top1_dockq,best_fnat,best_dockq,n_fnat03,n_dockq023,success_fnat03@1,success_fnat03@2,success_fnat03@5,success_fnat03@10,success_fnat03@20,success_fnat03@100,success_dockq023@1,success_dockq023@2,success_dockq023@5,success_dockq023@10,success_dockq023@20,success_dockq023@100
S-T024.1,20,1.214,19,354,T24_S03.M09,0.0,0.0113,0.0,0.0317,0,0,0,0,0,0,0,0,0,0,0,0,0,0
S-T025.1,60,1.982,41,377,T25_S06.M01,0.0962,0.0586,0.9231,0.8286,20,22,0,0,0,1,1,1,0,0,0,1,1,1
S-T026.1,65,1.939,13,364,T26_S02.M03,0.5484,0.7098,0.5484,0.7634,14,35,1,1,1,1,1,1,1,1,1,1,1,1
S-T029.1,145,2.577,123,504,T29_S16.M08,0.0,0.0055,0.7959,0.7768,27,28,0,0,0,0,0,1,0,0,0,0,0,1
S-T030.1,131,2.436,111,461,T30_S18.M10,0.0,0.0158,0.2143,0.1457,0,0,0,0,0,0,0,0,0,0,0,0,0,0
S-T032.1,120,1.909,59,413,T32_S11.M09,0.0,0.0338,0.4706,0.4577,2,2,0,0,0,0,0,1,0,0,0,0,0,1
S-T035.1,101,1.654,3,342,T35_S01.M03,0.0,0.009,0.1538,0.1966,0,0,0,0,0,0,0,0,0,0,0,0,0,0
S-T036.1,80,2.345,50,369,T36_S13.M10,0.1692,0.0967,0.1692,0.0967,0,0,0,0,0,0,0,0,0,0,0,0,0,0
S-T037.1,110,2.815,90,480,T37_S17.M10,0.0,0.0427,0.9388,0.9033,22,26,0,0,0,1,1,1,0,1,1,1,1,1
S-T037.2,110,2.815,90,480,T37_S17.M10,0.0,0.0383,0.6735,0.7031,9,11,0,0,0,1,1,1,0,0,0,1,1,1
S-T038.1,100,1.853,34,433,T38_S07.M04,0.0,0.0141,0.1176,0.1033,0,0,0,0,0,0,0,0,0,0,0,0,0,0
S-T039.1,130,2.144,105,471,T39_S16.M05,0.0588,0.0485,0.0784,0.1276,0,0,0,0,0,0,0,0,0,0,0,0,0,0
S-T040.1,150,2.177,114,482,T40_S17.M04,0.0156,0.0861,0.9219,0.9315,59,59,0,0,1,1,1,1,0,0,1,1,1,1
S-T040.2,150,2.182,114,482,T40_S17.M04,0.0,0.0717,0.9452,0.9398,44,43,0,0,0,1,1,1,0,0,0,1,1,1
S-T041.1,130,1.764,36,363,T41_S06.M06,0.1525,0.1493,0.9492,0.9255,73,73,0,0,1,1,1,1,0,0,1,1,1,1
S-T046.1,160,3.939,61,448,T46_S09.M01,0.0,0.017,0.5362,0.39,27,22,0,0,1,1,1,1,0,0,1,1,1,1
S-T047.1,128,1.729,62,339,T47_S13.M02,0.9286,0.7449,0.9286,0.9076,101,101,1,1,1,1,1,1,1,1,1,1,1,1
S-T050.1,140,2.085,37,394,T50_S08.M07,0.2653,0.262,0.7347,0.6504,26,35,0,0,1,1,1,1,1,1,1,1,1,1
S-T053.1,130,2.245,23,407,T53_S05.M03,0.1154,0.1692,0.7692,0.7518,25,40,0,0,0,0,1,1,0,0,0,1,1,1
S-T054.1,130,2.056,94,471,T54_S14.M04,0.0,0.0391,0.32,0.2074,1,0,0,0,0,0,0,0,0,0,0,0,0,0
S-T068.1,120,3.64,23,244,T68_S08.M03,0.0,0.0256,0.25,0.1359,0,0,0,0,0,0,0,0,0,0,0,0,0,0
S-T068.2,120,3.643,23,244,T68_S08.M03,0.0,0.0198,0.0233,0.047,0,0,0,0,0,0,0,0,0,0,0,0,0,0
S-T069.1,132,2.623,51,307,T69_S17.M01,0.4874,0.5076,0.6482,0.6052,74,82,1,1,1,1,1,1,1,1,1,1,1,1
S-T070.1,130,2.119,49,270,T70_S14.M09,0.0,0.0283,0.0909,0.087,0,0,0,0,0,0,0,0,0,0,0,0,0,0
S-T070.2,130,1.756,16,237,T70_S07.M06,0.0,0.077,0.75,0.667,25,27,0,0,1,1,1,1,0,0,1,1,1,1
S-T071.1,131,2.087,106,319,T71_S24.M06,0.0893,0.0577,0.2979,0.1914,0,0,0,0,0,0,0,0,0,0,0,0,0,0
S-T071.2,131,2.128,126,339,T71_S32.M05,0.0,0.0139,0.1081,0.0617,0,0,0,0,0,0,0,0,0,0,0,0,0,0
S-T071.3,131,1.965,66,279,T71_S19.M06,0.0,0.0116,0.625,0.4911,5,6,0,0,0,1,1,1,0,0,0,1,1,1
S-T072.1,130,4.215,51,285,T72_S17.M01,0.0,0.0234,0.6316,0.3983,10,10,0,0,0,0,1,1,0,0,0,0,1,1
S-T073.1,110,1.97,16,237,T73_S07.M06,0.0,0.0218,0.2941,0.194,0,0,0,0,0,0,0,0,0,0,0,0,0,0
S-T073.2,110,1.736,19,240,T73_S07.M09,0.0,0.01,0.75,0.2844,3,3,0,0,0,0,0,1,0,0,0,0,0,1
S-T075.1,120,2.16,101,354,T75_S24.M01,0.5479,0.572,0.5479,0.6021,33,37,1,1,1,1,1,1,1,1,1,1,1,1
S-T077.1,120,2.206,4,233,T77_S01.M04,0.0,0.0265,0.1222,0.0534,0,0,0,0,0,0,0,0,0,0,0,0,0,0
S-T078.1,110,2.278,5,234,T78_S01.M05,0.375,0.1927,0.4464,0.2663,42,1,1,1,1,1,1,1,0,0,0,0,0,1
S-T079.1,120,1.809,57,299,T79_S17.M07,0.0,0.0242,0.7451,0.5941,6,9,0,0,0,0,0,1,0,0,0,0,0,1
S-T080.1,120,1.865,2,266,T80_S01.M02,0.6736,0.5962,0.8125,0.7872,64,65,1,1,1,1,1,1,1,1,1,1,1,1
S-T081.1,110,2.777,89,296,T81_S23.M09,0.4655,0.3892,0.7917,0.7057,41,53,1,1,1,1,1,1,1,1,1,1,1,1
S-T085.1,120,6.665,1,242,T85_S01.M01,0.6526,0.5845,0.7927,0.779,103,103,1,1,1,1,1,1,1,1,1,1,1,1
S-T086.1,120,2.491,42,293,T86_S14.M02,0.0,0.0626,0.5714,0.488,4,6,0,1,1,1,1,1,0,1,1,1,1,1
S-T086.2,120,2.491,42,293,T86_S14.M02,0.0,0.019,1.0,0.8141,9,6,0,0,0,0,0,1,0,0,0,0,0,1
S-T087.1,120,2.451,31,262,T87_S12.M01,0.5673,0.4682,0.6538,0.615,82,87,1,1,1,1,1,1,1,1,1,1,1,1
S-T088.1,130,2.08,9,270,T88_S01.M09,0.0175,0.0492,0.1875,0.1542,0,0,0,0,0,0,0,0,0,0,0,0,0,0
S-T089.1,110,1.672,102,313,T89_S31.M02,0.0,0.0058,0.7925,0.6801,51,50,0,0,0,0,0,1,0,0,0,0,0,1
S-T090.1,110,1.999,32,253,T90_S12.M02,0.5924,0.6031,0.7516,0.6298,54,57,1,1,1,1,1,1,1,1,1,1,1,1
S-T091.1,110,3.079,48,290,T91_S17.M08,0.4659,0.5645,0.7955,0.6325,88,91,1,1,1,1,1,1,1,1,1,1,1,1
S-T092.1,110,2.063,43,268,T92_S17.M03,0.0,0.0088,0.5203,0.5252,63,72,0,1,1,1,1,1,0,1,1,1,1,1
S-T093.1,110,4.002,2,215,T93_S01.M02,0.4925,0.2556,0.7363,0.7151,86,88,1,1,1,1,1,1,1,1,1,1,1,1
S-T094.1,120,1.853,51,266,T94_S17.M01,0.0,0.0054,0.7083,0.5762,42,42,0,0,0,1,1,1,0,0,0,1,1,1
S-T096.1,155,2.174,98,368,T96_S26.M08,0.0,0.0142,0.32,0.3954,1,2,0,0,0,0,0,0,0,0,0,0,0,0
S-T097.1,150,2.055,71,341,T97_S21.M01,0.0488,0.0446,0.5488,0.6361,12,18,0,0,1,1,1,1,0,0,1,1,1,1
S-T098.1,150,1.939,114,382,T98_S22.M04,0.0,0.0336,0.055,0.0972,0,0,0,0,0,0,0,0,0,0,0,0,0,0
S-T099.1,150,2.434,131,381,T99_S27.M01,0.0357,0.0534,0.0619,0.1328,0,0,0,0,0,0,0,0,0,0,0,0,0,0
S-T100.1,140,1.927,11,251,T100_S04.M01,0.0,0.0329,0.2807,0.1176,0,0,0,0,0,0,0,0,0,0,0,0,0,0
S-T101.1,150,2.811,133,381,T101_S27.M03,0.0,0.0162,0.0495,0.0455,0,0,0,0,0,0,0,0,0,0,0,0,0,0
S-T104.1,170,1.918,11,337,T104_S03.M01,0.6833,0.7679,0.8167,0.848,140,140,1,1,1,1,1,1,1,1,1,1,1,1
S-T105.1,169,1.648,133,470,T105_S31.M04,0.7407,0.7526,0.9259,0.8891,149,149,1,1,1,1,1,1,1,1,1,1,1,1
S-T107.1,139,2.924,139,389,T107_S36.M10,0.0,0.0164,0.0763,0.1314,0,0,0,0,0,0,0,0,0,0,0,0,0,0
S-T110.1,160,1.818,61,296,T110_S14.M01,0.5195,0.5587,0.5584,0.5976,97,131,1,1,1,1,1,1,1,1,1,1,1,1
S-T113.1,160,2.749,124,378,T113_S29.M04,0.013,0.0206,0.2667,0.2948,0,5,0,0,0,0,0,0,0,0,0,0,0,1
S-T116.1,160,3.094,93,388,T116_S18.M03,0.6495,0.231,0.6495,0.231,29,1,1,1,1,1,1,1,1,1,1,1,1,1
S-T117.1,160,2.073,75,329,T117_S15.M05,0.6753,0.235,0.7803,0.278,60,26,1,1,1,1,1,1,1,1,1,1,1,1
S-T117.2,160,3.928,83,317,T117_S16.M03,0.0,0.0096,0.0566,0.0316,0,0,0,0,0,0,0,0,0,0,0,0,0,0
S-T117.3,160,2.07,75,329,T117_S15.M05,0.7113,0.2465,0.811,0.2943,65,38,1,1,1,1,1,1,1,1,1,1,1,1
S-T117.4,160,1.804,22,258,T117_S04.M02,0.0,0.0096,0.3111,0.3238,1,3,0,0,0,0,0,1,0,0,0,0,0,1
S-T119.1,170,1.819,81,351,T119_S15.M01,0.0541,0.0351,0.8214,0.5727,91,94,0,0,1,1,1,1,0,0,1,1,1,1
S-T120.1,150,1.896,147,424,T120_S36.M07,0.0556,0.0469,0.3611,0.4403,7,10,0,0,0,0,0,1,0,0,0,0,0,1
S-T121.1,170,1.529,57,384,T121_S14.M07,0.3684,0.4322,0.386,0.4322,9,18,1,1,1,1,1,1,1,1,1,1,1,1
S-T122.1,200,1.905,12,2401,T122_S02.M02,0.3582,0.3472,0.4146,0.4186,16,134,1,1,1,1,1,1,1,1,1,1,1,1
S-T123.1,190,1.936,182,2585,T123_S42.M02,0.0,0.024,0.16,0.0764,0,0,0,0,0,0,0,0,0,0,0,0,0,0
S-T124.1,86,2.31,45,2101,T124_S10.M05,0.0066,0.0153,0.0728,0.0538,0,0,0,0,0,0,0,0,0,0,0,0,0,0
S-T125.1,190,1.712,102,2144,T125_S16.M02,0.4516,0.5389,0.7419,0.8124,82,85,1,1,1,1,1,1,1,1,1,1,1,1
S-T125.2,190,1.757,98,2163,T125_S15.M08,0.5789,0.5644,0.9737,0.9569,170,175,1,1,1,1,1,1,1,1,1,1,1,1
S-T125.3,190,1.712,102,2145,T125_S16.M02,0.0,0.0501,0.2121,0.1928,0,0,0,0,0,0,0,0,0,0,0,0,0,0
S-T125.4,190,1.793,33,2076,T125_S04.M03,0.0,0.0188,0.0732,0.1819,0,0,0,0,0,0,0,0,0,0,0,0,0,0
S-T131.1,185,2.384,96,2280,T131_S20.M01,0.0,0.0319,0.549,0.6038,5,6,0,0,0,0,0,1,0,0,0,0,0,1
S-T132.1,189,2.065,187,2462,T132_S32.M08,0.0,0.0045,0.5079,0.5527,2,8,0,0,0,0,0,1,0,0,0,0,0,1
S-T133.1,200,3.069,132,2725,T133_S23.M02,0.0,0.0266,0.8491,0.7713,83,86,0,0,1,1,1,1,0,0,1,1,1,1
S-T136.1,160,2.563,50,338,T136_S10.M10,0.6946,0.6659,0.7226,0.6884,117,160,1,1,1,1,1,1,1,1,1,1,1,1
S-T136.2,160,1.338,109,397,T136_S21.M09,0.0588,0.3138,0.549,0.6272,57,157,0,0,1,1,1,1,1,1,1,1,1,1
S-T136.3,160,1.61,118,406,T136_S23.M08,0.0,0.0065,0.5778,0.6028,41,156,0,0,1,1,1,1,0,1,1,1,1,1
S-T138.1,153,2.817,41,1777,T138_S08.M05,0.0,0.0027,0.1132,0.0576,0,0,0,0,0,0,0,0,0,0,0,0,0,0
S-T138.2,170,2.821,45,1839,T138_S08.M05,0.209,0.0842,0.209,0.1027,0,0,0,0,0,0,0,0,0,0,0,0,0,0
S-T140.1,180,7.926,64,1794,T140_S10.M04,0.072,0.0607,0.804,0.7918,150,154,0,0,0,1,1,1,0,0,0,1,1,1
S-T141.1,179,2.706,44,1750,T141_S08.M05,0.0,0.0087,0.4779,0.4398,16,23,0,0,0,0,0,1,0,0,0,0,0,1
S-T142.1,166,2.969,117,1862,T142_S21.M01,0.0476,0.0515,0.8095,0.7577,43,45,0,0,0,0,1,1,0,0,0,0,1,1
S-T143.1,176,2.442,24,1811,T143_S06.M04,0.913,0.4886,0.9275,0.6513,109,115,1,1,1,1,1,1,1,1,1,1,1,1
S-T144.1,154,-1000000000.0,1,1701,T144_S02.M01,0.0163,0.0164,0.565,0.6231,119,122,0,0,0,1,1,1,0,0,0,1,1,1
S-T146.1,180,2.312,174,1912,T146_S35.M04,0.5758,0.2862,0.871,0.5811,44,51,1,1,1,1,1,1,1,1,1,1,1,1
S-T146.2,152,1.645,67,1807,T146_S15.M04,0.0,0.0136,0.2222,0.2189,0,0,0,0,0,0,0,0,0,0,0,0,0,0
S-T146.3,180,2.001,148,1890,T146_S25.M08,0.8222,0.5842,0.8222,0.5842,6,7,1,1,1,1,1,1,1,1,1,1,1,1
S-T151.1,160,-1000000000.0,1,279,T151_S05.M01,0.0,0.0005,0.9583,0.9077,91,93,0,0,0,1,1,1,0,0,0,1,1,1
S-T151.2,160,-1000000000.0,1,1153,T151_S05.M01,0.1111,0.0497,0.6905,0.3769,4,3,0,0,0,0,0,1,0,0,0,0,0,1
S-T151.3,160,1.507,12,1286,T151_S06.M02,0.4419,0.2032,0.5349,0.2364,80,3,1,1,1,1,1,1,0,0,0,0,1,1
S-T151.4,160,0.861,86,1350,T151_S16.M06,0.0526,0.0934,0.0526,0.0934,0,0,0,0,0,0,0,0,0,0,0,0,0,0
S-T151.5,147,1.382,60,1307,T151_S10.M10,0.0,0.0082,0.05,0.0962,0,0,0,0,0,0,0,0,0,0,0,0,0,0
S-T152.1,169,2.818,139,2034,T152_S25.M04,0.7578,0.7723,0.7857,0.8578,148,154,1,1,1,1,1,1,1,1,1,1,1,1
S-T153.1,178,2.308,1,1968,T153_S02.M01,0.0444,0.0438,0.9111,0.842,112,112,0,1,1,1,1,1,0,1,1,1,1,1
S-T154.1,166,3.83,86,2077,T154_S16.M02,0.0526,0.0723,0.1842,0.3151,0,1,0,0,0,0,0,0,0,0,0,0,0,1
S-T158.1,158,2.763,6,1381,T158_S05.M07,0.0,0.0444,0.7273,0.6799,120,129,0,1,1,1,1,1,0,1,1,1,1,1
S-T159.1,150,2.213,145,1192,T159_S28.M05,0.7395,0.7666,0.7647,0.7666,125,139,1,1,1,1,1,1,1,1,1,1,1,1
S-T159.2,115,4.914,24,763,T159_S09.M01,0.0104,0.0155,0.0833,0.059,0,0,0,0,0,0,0,0,0,0,0,0,0,0
S-T159.3,99,4.285,22,792,T159_S08.M03,0.0,0.0178,0.019,0.0193,0,0,0,0,0,0,0,0,0,0,0,0,0,0
S-T159.4,83,1.589,48,483,T159_S18.M10,0.0,0.0226,0.0213,0.0441,0,0,0,0,0,0,0,0,0,0,0,0,0,0
S-T159.5,83,1.589,48,483,T159_S18.M10,0.0,0.0166,0.1429,0.0548,0,0,0,0,0,0,0,0,0,0,0,0,0,0
S-T159.6,114,1.731,12,757,T159_S08.M08,0.641,0.4338,0.8462,0.6579,103,108,1,1,1,1,1,1,1,1,1,1,1,1
S-T159.7,143,1.774,14,903,T159_S06.M04,0.0,0.0625,0.6875,0.6544,9,88,0,0,0,1,1,1,0,0,1,1,1,1
S-T164.1,169,4.338,35,1674,T164_S07.M05,0.0,0.0171,0.6522,0.5701,145,148,0,0,1,1,1,1,0,0,1,1,1,1
S-T165.1,190,2.833,171,1377,T165_S48.M01,0.0,0.0074,0.0484,0.109,0,0,0,0,0,0,0,0,0,0,0,0,0,0
S-T166.1,190,2.567,114,1493,T166_S31.M04,0.0,0.194,0.9074,0.751,95,104,0,0,0,0,0,1,0,0,0,0,0,1
S-T169.1,189,4.131,72,1526,T169_S11.M02,0.0215,0.047,0.0686,0.2539,0,1,0,0,0,0,0,0,0,0,0,0,0,0
S-T176.1,185,3.014,115,1579,T176_S31.M10,0.0556,0.0849,0.6786,0.4841,4,15,0,0,0,0,1,1,0,0,0,0,1,1
S-T180.1,171,2.968,123,1008,T180_S33.M02,0.0388,0.0671,0.4655,0.422,10,10,0,0,0,0,1,1,0,0,0,0,1,1
S-T180.2,172,4.624,35,920,T180_S07.M06,0.3231,0.2941,0.525,0.5016,94,116,1,1,1,1,1,1,1,1,1,1,1,1
