dataset,condition,target_index,target_total,target,status,message,elapsed_sec,n_poses,n_valid,n_success_available,best_available_dockq,top1_pose_model,top1_score,top1_dockq,top1_irmsd,top1_crmsd,top1_classification,success@1,success@3,success@5,success@10,success@100,tradock_success@1,tradock_success@3,tradock_success@5,tradock_success@10,tradock_success@100,paper_success@1,paper_success@3,paper_success@5,paper_success@10,paper_success@100,oracle_success@1,oracle_success@3,oracle_success@5,oracle_success@10,oracle_success@100,paper_top1_pose_model,paper_top1_dockq,paper_top1_irmsd,paper_top1_crmsd,paper_top1_classification
DB5,holo,1,218,2I9B,done,,11.493,5,5,0,0.002000,lightdock_1,-1000000.000000,0.002000,74.461357,52.150131,unacceptable,0,0,0,0,0,0,0,0,0,0,0,0,0,0,0,0,0,0,0,0,lightdock_1,0.002000,74.461357,52.150131,unacceptable
DB5,holo,2,218,3V6Z,done,,16.298,5,5,0,0.009000,lightdock_3,-0.582883,0.003000,45.037521,31.654570,unacceptable,0,0,0,0,0,0,0,0,0,0,0,0,0,0,0,0,0,0,0,0,lightdock_1,0.004000,30.756990,28.194281,unacceptable
DB5,holo,3,218,2W9E,done,,13.793,5,5,0,0.005000,lightdock_4,-0.589884,0.005000,23.718351,24.260977,unacceptable,0,0,0,0,0,0,0,0,0,0,0,0,0,0,0,0,0,0,0,0,lightdock_1,0.004000,32.747402,27.298903,unacceptable
DB5,holo,4,218,1F34,done,,12.311,5,5,0,0.004000,lightdock_1,-1000000.000000,0.004000,34.803688,29.069904,unacceptable,0,0,0,0,0,0,0,0,0,0,0,0,0,0,0,0,0,0,0,0,lightdock_1,0.004000,34.803688,29.069904,unacceptable
DB5,holo,5,218,1ACB,done,,7.893,5,5,0,0.035000,lightdock_4,-0.827552,0.022000,16.093018,12.489730,unacceptable,0,0,0,0,0,0,0,0,0,0,0,0,0,0,0,0,0,0,0,0,lightdock_1,0.018000,15.448214,16.193348,unacceptable
DB5,holo,6,218,4POU,done,,8.217,5,5,0,0.034000,lightdock_3,-0.719716,0.028000,14.124143,14.603021,unacceptable,0,0,0,0,0,0,0,0,0,0,0,0,0,0,0,0,0,0,0,0,lightdock_1,0.034000,11.120562,14.689759,unacceptable
DB5,holo,7,218,1IRA,done,,12.687,5,5,0,0.009000,lightdock_2,-0.709041,0.009000,31.934042,26.069952,unacceptable,0,0,0,0,0,0,0,0,0,0,0,0,0,0,0,0,0,0,0,0,lightdock_1,0.004000,38.650711,38.002411,unacceptable
DB5,holo,8,218,2J7P,done,,17.103,5,5,0,0.005000,lightdock_4,-0.591260,0.004000,36.351498,35.195328,unacceptable,0,0,0,0,0,0,0,0,0,0,0,0,0,0,0,0,0,0,0,0,lightdock_1,0.004000,39.669060,34.223419,unacceptable
DB5,holo,9,218,1Z5Y,done,,8.761,5,5,0,0.036000,lightdock_1,-0.479431,0.024000,18.169209,15.883978,unacceptable,0,0,0,0,0,0,0,0,0,0,0,0,0,0,0,0,0,0,0,0,lightdock_1,0.024000,18.169209,15.883978,unacceptable
DB5,holo,10,218,1KAC,done,,9.151,5,5,0,0.001000,lightdock_1,-1000000.000000,0.001000,76.451050,65.299393,unacceptable,0,0,0,0,0,0,0,0,0,0,0,0,0,0,0,0,0,0,0,0,lightdock_1,0.001000,76.451050,65.299393,unacceptable
DB5,holo,11,218,1RV6,done,,8.812,5,5,0,0.040000,lightdock_5,-0.681031,0.032000,14.408028,13.679873,unacceptable,0,0,0,0,0,0,0,0,0,0,0,0,0,0,0,0,0,0,0,0,lightdock_1,0.020000,12.555080,13.861800,unacceptable
DB5,holo,12,218,2VXT,done,,15.694,5,5,0,0.021000,lightdock_5,-0.079269,0.019000,28.136595,14.995191,unacceptable,0,0,0,0,0,0,0,0,0,0,0,0,0,0,0,0,0,0,0,0,lightdock_1,0.007000,23.428900,22.106186,unacceptable
DB5,holo,13,218,1OYV,done,,9.737,5,5,0,0.030000,lightdock_3,-0.719442,0.020000,14.758595,14.085209,unacceptable,0,0,0,0,0,0,0,0,0,0,0,0,0,0,0,0,0,0,0,0,lightdock_1,0.016000,21.679461,16.794882,unacceptable
DB5,holo,14,218,3S9D,done,,9.699,5,5,0,0.004000,lightdock_5,0.092808,0.003000,36.832150,31.401171,unacceptable,0,0,0,0,0,0,0,0,0,0,0,0,0,0,0,0,0,0,0,0,lightdock_1,0.003000,44.932205,33.641048,unacceptable
DB5,holo,15,218,1KXP,done,,25.334,5,5,0,0.007000,lightdock_5,-0.709264,0.003000,41.211426,32.675774,unacceptable,0,0,0,0,0,0,0,0,0,0,0,0,0,0,0,0,0,0,0,0,lightdock_1,0.007000,34.333424,27.477835,unacceptable
DB5,holo,16,218,3P57,done,,9.053,5,5,0,0.033000,lightdock_4,-0.699228,0.014000,24.977615,21.023245,unacceptable,0,0,0,0,0,0,0,0,0,0,0,0,0,0,0,0,0,0,0,0,lightdock_1,0.014000,25.893274,19.965073,unacceptable
DB5,holo,17,218,2HLE,done,,9.654,5,5,0,0.057000,lightdock_4,-0.712931,0.042000,16.664000,12.968266,unacceptable,0,0,0,0,0,0,0,0,0,0,0,0,0,0,0,0,0,0,0,0,lightdock_1,0.057000,10.891550,13.171131,unacceptable
DB5,holo,18,218,1GLA,done,,15.451,5,5,0,0.014000,lightdock_2,-0.332770,0.010000,25.900604,16.992289,unacceptable,0,0,0,0,0,0,0,0,0,0,0,0,0,0,0,0,0,0,0,0,lightdock_1,0.010000,22.558210,16.459417,unacceptable
DB5,holo,19,218,1IB1,done,,17.765,5,5,0,0.003000,lightdock_1,-1000000.000000,0.002000,49.856514,43.396996,unacceptable,0,0,0,0,0,0,0,0,0,0,0,0,0,0,0,0,0,0,0,0,lightdock_1,0.002000,49.856514,43.396996,unacceptable
DB5,holo,20,218,2AJF,done,,20.308,5,5,0,0.011000,lightdock_4,-0.721295,0.010000,20.044853,15.975778,unacceptable,0,0,0,0,0,0,0,0,0,0,0,0,0,0,0,0,0,0,0,0,lightdock_1,0.011000,24.442225,17.463566,unacceptable
DB5,holo,21,218,5O1R,done,,13.717,5,5,0,0.012000,lightdock_4,-0.685398,0.005000,29.925760,25.412580,unacceptable,0,0,0,0,0,0,0,0,0,0,0,0,0,0,0,0,0,0,0,0,lightdock_1,0.012000,26.787571,18.149685,unacceptable
DB5,holo,22,218,1HE8,done,,22.427,5,5,0,0.003000,lightdock_1,-1000000.000000,0.003000,43.483768,29.018322,unacceptable,0,0,0,0,0,0,0,0,0,0,0,0,0,0,0,0,0,0,0,0,lightdock_1,0.003000,43.483768,29.018322,unacceptable
DB5,holo,23,218,4JCV,done,,25.039,5,5,0,0.005000,lightdock_5,-0.340973,0.004000,38.363071,31.200285,unacceptable,0,0,0,0,0,0,0,0,0,0,0,0,0,0,0,0,0,0,0,0,lightdock_1,0.003000,42.616714,36.245308,unacceptable
DB5,holo,24,218,3RVW,done,,18.495,5,5,0,0.019000,lightdock_3,-0.776534,0.010000,18.465343,22.230396,unacceptable,0,0,0,0,0,0,0,0,0,0,0,0,0,0,0,0,0,0,0,0,lightdock_1,0.013000,30.475969,21.215130,unacceptable
DB5,holo,25,218,1H1V,done,,20.297,5,5,0,0.015000,lightdock_1,-0.629326,0.004000,35.495522,30.118763,unacceptable,0,0,0,0,0,0,0,0,0,0,0,0,0,0,0,0,0,0,0,0,lightdock_1,0.004000,35.495522,30.118763,unacceptable
DB5,holo,26,218,5KOV,done,,25.240,5,5,0,0.001000,lightdock_1,-1000000.000000,0.001000,85.127823,65.695694,unacceptable,0,0,0,0,0,0,0,0,0,0,0,0,0,0,0,0,0,0,0,0,lightdock_1,0.001000,85.127823,65.695694,unacceptable
DB5,holo,27,218,1EZU,done,,18.077,5,5,0,0.018000,lightdock_3,-0.800919,0.011000,19.856932,16.032389,unacceptable,0,0,0,0,0,0,0,0,0,0,0,0,0,0,0,0,0,0,0,0,lightdock_1,0.003000,42.553654,31.287247,unacceptable
DB5,holo,28,218,6DBG,done,,15.514,5,5,0,0.003000,lightdock_1,-1000000.000000,0.003000,47.399666,46.260159,unacceptable,0,0,0,0,0,0,0,0,0,0,0,0,0,0,0,0,0,0,0,0,lightdock_1,0.003000,47.399666,46.260159,unacceptable
DB5,holo,29,218,2FJU,done,,21.643,5,5,0,0.003000,lightdock_1,-1000000.000000,0.002000,61.276440,37.457878,unacceptable,0,0,0,0,0,0,0,0,0,0,0,0,0,0,0,0,0,0,0,0,lightdock_1,0.002000,61.276440,37.457878,unacceptable
DB5,holo,30,218,1PXV,done,,9.837,5,5,0,0.014000,lightdock_5,-0.664942,0.010000,26.960865,20.859125,unacceptable,0,0,0,0,0,0,0,0,0,0,0,0,0,0,0,0,0,0,0,0,lightdock_1,0.006000,35.055458,24.375467,unacceptable
DB5,holo,31,218,1MLC,done,,14.858,5,5,0,0.005000,lightdock_1,-1000000.000000,0.004000,40.449745,26.689402,unacceptable,0,0,0,0,0,0,0,0,0,0,0,0,0,0,0,0,0,0,0,0,lightdock_1,0.004000,40.449745,26.689402,unacceptable
DB5,holo,32,218,3HMX,done,,30.180,5,5,0,0.012000,lightdock_1,-0.737538,0.012000,22.799608,18.178904,unacceptable,0,0,0,0,0,0,0,0,0,0,0,0,0,0,0,0,0,0,0,0,lightdock_1,0.012000,22.799608,18.178904,unacceptable
DB5,holo,33,218,2I25,done,,8.338,5,5,0,0.003000,lightdock_1,-1000000.000000,0.002000,50.570755,35.569508,unacceptable,0,0,0,0,0,0,0,0,0,0,0,0,0,0,0,0,0,0,0,0,lightdock_1,0.002000,50.570755,35.569508,unacceptable
DB5,holo,34,218,1XQS,done,,11.916,5,5,0,0.050000,lightdock_1,-0.401042,0.006000,29.264675,27.909775,unacceptable,0,0,0,0,0,0,0,0,0,0,0,0,0,0,0,0,0,0,0,0,lightdock_1,0.006000,29.264675,27.909775,unacceptable
DB5,holo,35,218,1M10,done,,15.089,5,5,0,0.010000,lightdock_4,-0.761054,0.007000,30.111279,24.535873,unacceptable,0,0,0,0,0,0,0,0,0,0,0,0,0,0,0,0,0,0,0,0,lightdock_1,0.003000,44.029518,31.628778,unacceptable
DB5,holo,36,218,1I2M,done,,18.349,5,5,0,0.092000,lightdock_1,-0.681786,0.022000,14.181482,13.508782,unacceptable,0,0,0,0,0,0,0,0,0,0,0,0,0,0,0,0,0,0,0,0,lightdock_1,0.022000,14.181482,13.508782,unacceptable
DB5,holo,37,218,2Z0E,done,,11.151,5,5,0,0.010000,lightdock_4,-0.664287,0.004000,37.903419,28.169695,unacceptable,0,0,0,0,0,0,0,0,0,0,0,0,0,0,0,0,0,0,0,0,lightdock_1,0.009000,24.547617,20.321249,unacceptable
DB5,holo,38,218,1LFD,done,,7.678,5,5,0,0.002000,lightdock_1,-1000000.000000,0.002000,64.513428,48.415516,unacceptable,0,0,0,0,0,0,0,0,0,0,0,0,0,0,0,0,0,0,0,0,lightdock_1,0.002000,64.513428,48.415516,unacceptable
DB5,holo,39,218,1PVH,done,,11.155,5,5,0,0.005000,lightdock_1,-1000000.000000,0.005000,42.320435,32.452568,unacceptable,0,0,0,0,0,0,0,0,0,0,0,0,0,0,0,0,0,0,0,0,lightdock_1,0.005000,42.320435,32.452568,unacceptable
DB5,holo,40,218,6A0Z,done,,20.726,5,5,0,0.081000,lightdock_4,-0.217711,0.008000,15.649739,19.224600,unacceptable,0,0,0,0,0,0,0,0,0,0,0,0,0,0,0,0,0,0,0,0,lightdock_1,0.004000,33.349289,32.042454,unacceptable
DB5,holo,41,218,2VIS,done,,20.180,5,5,0,0.001000,lightdock_1,-1000000.000000,0.001000,85.050911,49.204983,unacceptable,0,0,0,0,0,0,0,0,0,0,0,0,0,0,0,0,0,0,0,0,lightdock_1,0.001000,85.050911,49.204983,unacceptable
DB5,holo,42,218,4G6M,done,,14.931,5,5,0,0.016000,lightdock_1,-0.568371,0.016000,17.616341,14.141933,unacceptable,0,0,0,0,0,0,0,0,0,0,0,0,0,0,0,0,0,0,0,0,lightdock_1,0.016000,17.616341,14.141933,unacceptable
DB5,holo,43,218,1M27,done,,6.047,5,5,0,0.012000,lightdock_1,-1000000.000000,0.012000,23.439732,18.625961,unacceptable,0,0,0,0,0,0,0,0,0,0,0,0,0,0,0,0,0,0,0,0,lightdock_1,0.012000,23.439732,18.625961,unacceptable
DB5,holo,44,218,1IJK,done,,13.921,5,5,0,0.007000,lightdock_1,-1000000.000000,0.005000,40.099003,24.795950,unacceptable,0,0,0,0,0,0,0,0,0,0,0,0,0,0,0,0,0,0,0,0,lightdock_1,0.005000,40.099003,24.795950,unacceptable
DB5,holo,45,218,3R9A,done,,27.722,5,5,0,0.012000,lightdock_4,-0.738414,0.011000,20.826876,18.408339,unacceptable,0,0,0,0,0,0,0,0,0,0,0,0,0,0,0,0,0,0,0,0,lightdock_1,0.012000,21.569187,16.156021,unacceptable
DB5,holo,46,218,5Y9J,done,,27.294,5,5,0,0.009000,lightdock_1,-1000000.000000,0.002000,37.238560,31.079865,unacceptable,0,0,0,0,0,0,0,0,0,0,0,0,0,0,0,0,0,0,0,0,lightdock_1,0.002000,37.238560,31.079865,unacceptable
DB5,holo,47,218,1HCF,done,,10.170,5,5,0,0.009000,lightdock_1,-1000000.000000,0.008000,30.864567,23.761047,unacceptable,0,0,0,0,0,0,0,0,0,0,0,0,0,0,0,0,0,0,0,0,lightdock_1,0.008000,30.864567,23.761047,unacceptable
DB5,holo,48,218,3PC8,done,,6.653,5,5,0,0.131000,lightdock_2,-0.701116,0.131000,5.212724,10.565632,unacceptable,0,0,0,0,0,0,0,0,0,0,0,0,0,0,0,0,0,0,0,0,lightdock_1,0.049000,13.203347,13.432950,unacceptable
DB5,holo,49,218,1AK4,done,,10.055,5,5,0,0.006000,lightdock_1,-1000000.000000,0.006000,39.058491,25.023027,unacceptable,0,0,0,0,0,0,0,0,0,0,0,0,0,0,0,0,0,0,0,0,lightdock_1,0.006000,39.058491,25.023027,unacceptable
DB5,holo,50,218,2GAF,done,,21.466,5,5,0,0.007000,lightdock_1,0.423500,0.007000,28.082914,20.770304,unacceptable,0,0,0,0,0,0,0,0,0,0,0,0,0,0,0,0,0,0,0,0,lightdock_1,0.007000,28.082914,20.770304,unacceptable
DB5,holo,51,218,1FQ1,done,,16.559,5,5,0,0.006000,lightdock_5,-0.780305,0.006000,33.380516,22.279123,unacceptable,0,0,0,0,0,0,0,0,0,0,0,0,0,0,0,0,0,0,0,0,lightdock_1,0.004000,47.500992,32.860992,unacceptable
DB5,holo,52,218,1I4D,done,,14.869,5,5,0,0.020000,lightdock_4,-0.400118,0.004000,30.998964,32.773125,unacceptable,0,0,0,0,0,0,0,0,0,0,0,0,0,0,0,0,0,0,0,0,lightdock_1,0.011000,17.744976,22.024599,unacceptable
DB5,,53,218,1E6J,error,'O',0.000,,,,,,,,,,,,,,,,,,,,,,,,,,,,,,,,,,,
DB5,holo,54,218,3EO1,done,,17.613,5,5,0,0.005000,lightdock_3,-0.670769,0.004000,25.856596,26.628437,unacceptable,0,0,0,0,0,0,0,0,0,0,0,0,0,0,0,0,0,0,0,0,lightdock_1,0.004000,22.022263,26.175076,unacceptable
DB5,holo,55,218,3LVK,missing_pose,no candidate pose found in paper results,0.001,,,,,,,,,,,,,,,,,,,,,,,,,,,,,,,,,,,
DB5,holo,56,218,6A77,done,,12.372,5,5,0,0.013000,lightdock_1,-0.668187,0.006000,27.548866,22.621286,unacceptable,0,0,0,0,0,0,0,0,0,0,0,0,0,0,0,0,0,0,0,0,lightdock_1,0.006000,27.548866,22.621286,unacceptable
DB5,holo,57,218,2YVJ,done,,11.716,5,5,0,0.033000,lightdock_4,-0.675962,0.024000,18.248270,11.859861,unacceptable,0,0,0,0,0,0,0,0,0,0,0,0,0,0,0,0,0,0,0,0,lightdock_1,0.033000,10.107367,11.660064,unacceptable
DB5,holo,58,218,7CEI,done,,8.151,5,5,0,0.032000,lightdock_4,-0.668968,0.032000,16.148191,14.424102,unacceptable,0,0,0,0,0,0,0,0,0,0,0,0,0,0,0,0,0,0,0,0,lightdock_1,0.008000,27.797230,19.310251,unacceptable
DB5,holo,59,218,1RKE,done,,12.610,5,5,0,0.025000,lightdock_1,-0.260225,0.010000,27.821447,18.460615,unacceptable,0,0,0,0,0,0,0,0,0,0,0,0,0,0,0,0,0,0,0,0,lightdock_1,0.010000,27.821447,18.460615,unacceptable
DB5,holo,60,218,3K75,done,,11.430,5,5,0,0.019000,lightdock_4,-0.730487,0.007000,23.050739,23.602850,unacceptable,0,0,0,0,0,0,0,0,0,0,0,0,0,0,0,0,0,0,0,0,lightdock_1,0.015000,18.288340,18.524260,unacceptable
DB5,holo,61,218,1JTG,done,,11.963,5,5,0,0.011000,lightdock_1,-0.616472,0.011000,23.950096,19.842186,unacceptable,0,0,0,0,0,0,0,0,0,0,0,0,0,0,0,0,0,0,0,0,lightdock_1,0.011000,23.950096,19.842186,unacceptable
DB5,holo,62,218,5SV3,done,,10.458,5,5,0,0.007000,lightdock_1,-1000000.000000,0.003000,43.884228,30.515020,unacceptable,0,0,0,0,0,0,0,0,0,0,0,0,0,0,0,0,0,0,0,0,lightdock_1,0.003000,43.884228,30.515020,unacceptable
DB5,holo,63,218,1ATN,done,,18.524,5,5,0,0.002000,lightdock_1,-1000000.000000,0.001000,71.109833,46.498219,unacceptable,0,0,0,0,0,0,0,0,0,0,0,0,0,0,0,0,0,0,0,0,lightdock_1,0.001000,71.109833,46.498219,unacceptable
DB5,holo,64,218,3MXW,done,,15.615,5,5,0,0.011000,lightdock_4,-0.570591,0.005000,34.459995,26.200354,unacceptable,0,0,0,0,0,0,0,0,0,0,0,0,0,0,0,0,0,0,0,0,lightdock_1,0.005000,28.906734,31.008024,unacceptable
DB5,holo,65,218,2X9A,done,,5.250,5,5,0,0.018000,lightdock_5,-0.400694,0.013000,22.820513,17.266401,unacceptable,0,0,0,0,0,0,0,0,0,0,0,0,0,0,0,0,0,0,0,0,lightdock_1,0.015000,16.401991,14.897385,unacceptable
DB5,holo,66,218,3H2V,done,,7.059,5,5,0,0.035000,lightdock_1,-0.684299,0.034000,14.175164,11.634593,unacceptable,0,0,0,0,0,0,0,0,0,0,0,0,0,0,0,0,0,0,0,0,lightdock_1,0.034000,14.175164,11.634593,unacceptable
DB5,holo,67,218,6OC3,done,,17.738,5,5,0,0.051000,lightdock_3,-0.412448,0.017000,27.495235,19.744528,unacceptable,0,0,0,0,0,0,0,0,0,0,0,0,0,0,0,0,0,0,0,0,lightdock_1,0.024000,21.510880,15.981364,unacceptable
DB5,holo,68,218,1WDW,done,,25.353,5,5,0,0.000000,lightdock_1,-1000000.000000,0.000000,162.313721,112.070656,unacceptable,0,0,0,0,0,0,0,0,0,0,0,0,0,0,0,0,0,0,0,0,lightdock_1,0.000000,162.313721,112.070656,unacceptable
DB5,,69,218,2CFH,error,'CA',0.000,,,,,,,,,,,,,,,,,,,,,,,,,,,,,,,,,,,
DB5,holo,70,218,1JIW,done,,12.714,5,5,0,0.005000,lightdock_1,-1000000.000000,0.003000,46.459896,30.801105,unacceptable,0,0,0,0,0,0,0,0,0,0,0,0,0,0,0,0,0,0,0,0,lightdock_1,0.003000,46.459896,30.801105,unacceptable
DB5,holo,71,218,2SIC,done,,9.283,5,5,0,0.033000,lightdock_1,-1000000.000000,0.013000,29.227577,18.899761,unacceptable,0,0,0,0,0,0,0,0,0,0,0,0,0,0,0,0,0,0,0,0,lightdock_1,0.013000,29.227577,18.899761,unacceptable
DB5,holo,72,218,4IZ7,done,,10.483,5,5,0,0.010000,lightdock_5,-0.791682,0.010000,21.307281,18.989563,unacceptable,0,0,0,0,0,0,0,0,0,0,0,0,0,0,0,0,0,0,0,0,lightdock_1,0.005000,35.626801,26.130398,unacceptable
DB5,holo,73,218,3A4S,done,,6.400,5,5,0,0.015000,lightdock_3,-0.763169,0.013000,19.840115,16.685524,unacceptable,0,0,0,0,0,0,0,0,0,0,0,0,0,0,0,0,0,0,0,0,lightdock_1,0.015000,14.489909,16.949568,unacceptable
DB5,holo,74,218,3BP8,done,,18.412,5,5,0,0.004000,lightdock_4,-0.794294,0.003000,40.386551,27.423599,unacceptable,0,0,0,0,0,0,0,0,0,0,0,0,0,0,0,0,0,0,0,0,lightdock_1,0.003000,42.903645,27.142937,unacceptable
DB5,holo,75,218,1JMO,done,,23.029,5,5,0,0.001000,lightdock_1,-1000000.000000,0.001000,72.914543,51.315624,unacceptable,0,0,0,0,0,0,0,0,0,0,0,0,0,0,0,0,0,0,0,0,lightdock_1,0.001000,72.914543,51.315624,unacceptable
DB5,holo,76,218,1GRN,done,,12.929,5,5,0,0.058000,lightdock_1,-0.734856,0.058000,11.038272,10.836845,unacceptable,0,0,0,0,0,0,0,0,0,0,0,0,0,0,0,0,0,0,0,0,lightdock_1,0.058000,11.038272,10.836845,unacceptable
DB5,holo,77,218,1MQ8,done,,11.431,5,5,0,0.042000,lightdock_1,-0.823502,0.021000,10.272771,17.448235,unacceptable,0,0,0,0,0,0,0,0,0,0,0,0,0,0,0,0,0,0,0,0,lightdock_1,0.021000,10.272771,17.448235,unacceptable
DB5,,78,218,1FC2,error,'CA',0.000,,,,,,,,,,,,,,,,,,,,,,,,,,,,,,,,,,,
DB5,holo,79,218,1CGI,done,,7.467,5,5,0,0.007000,lightdock_1,-1000000.000000,0.006000,30.452028,21.285515,unacceptable,0,0,0,0,0,0,0,0,0,0,0,0,0,0,0,0,0,0,0,0,lightdock_1,0.006000,30.452028,21.285515,unacceptable
DB5,holo,80,218,1TMQ,done,,12.904,5,5,0,0.002000,lightdock_1,-1000000.000000,0.002000,66.280159,43.624241,unacceptable,0,0,0,0,0,0,0,0,0,0,0,0,0,0,0,0,0,0,0,0,lightdock_1,0.002000,66.280159,43.624241,unacceptable
DB5,holo,81,218,6B0S,done,,11.016,5,5,0,0.019000,lightdock_2,-0.474962,0.007000,24.815989,19.038870,unacceptable,0,0,0,0,0,0,0,0,0,0,0,0,0,0,0,0,0,0,0,0,lightdock_1,0.007000,24.781050,18.989616,unacceptable
DB5,holo,82,218,3CPH,done,,15.531,5,5,0,0.008000,lightdock_2,-0.731558,0.008000,16.990797,24.401220,unacceptable,0,0,0,0,0,0,0,0,0,0,0,0,0,0,0,0,0,0,0,0,lightdock_1,0.005000,32.290146,25.628786,unacceptable
DB5,holo,83,218,1A2K,done,,13.714,5,5,0,0.003000,lightdock_1,-1000000.000000,0.003000,56.505600,33.398945,unacceptable,0,0,0,0,0,0,0,0,0,0,0,0,0,0,0,0,0,0,0,0,lightdock_1,0.003000,56.505600,33.398945,unacceptable
DB5,holo,84,218,4M5Z,done,,16.947,5,5,0,0.010000,lightdock_1,-1000000.000000,0.004000,48.452297,35.436325,unacceptable,0,0,0,0,0,0,0,0,0,0,0,0,0,0,0,0,0,0,0,0,lightdock_1,0.004000,48.452297,35.436325,unacceptable
DB5,holo,85,218,2A1A,done,,12.418,5,5,0,0.002000,lightdock_1,-1000000.000000,0.001000,58.923267,49.891102,unacceptable,0,0,0,0,0,0,0,0,0,0,0,0,0,0,0,0,0,0,0,0,lightdock_1,0.001000,58.923267,49.891102,unacceptable
DB5,holo,86,218,2MTA,done,,14.297,5,5,0,0.007000,lightdock_5,-0.680648,0.007000,24.381325,22.434143,unacceptable,0,0,0,0,0,0,0,0,0,0,0,0,0,0,0,0,0,0,0,0,lightdock_1,0.007000,29.849630,20.940338,unacceptable
DB5,holo,87,218,1F6M,done,,10.759,5,5,0,0.002000,lightdock_1,-1000000.000000,0.002000,61.477459,44.997818,unacceptable,0,0,0,0,0,0,0,0,0,0,0,0,0,0,0,0,0,0,0,0,lightdock_1,0.002000,61.477459,44.997818,unacceptable
DB5,holo,88,218,1JPS,done,,17.670,5,5,0,0.023000,lightdock_2,-0.711375,0.023000,22.011532,17.909933,unacceptable,0,0,0,0,0,0,0,0,0,0,0,0,0,0,0,0,0,0,0,0,lightdock_1,0.010000,20.373119,16.028097,unacceptable
DB5,holo,89,218,1JWH,done,,24.130,5,5,0,0.005000,lightdock_4,-0.310293,0.002000,53.011993,32.883892,unacceptable,0,0,0,0,0,0,0,0,0,0,0,0,0,0,0,0,0,0,0,0,lightdock_1,0.002000,51.442608,31.013918,unacceptable
DB5,holo,90,218,1S1Q,done,,6.461,5,5,0,0.005000,lightdock_1,-1000000.000000,0.003000,52.832394,44.486374,unacceptable,0,0,0,0,0,0,0,0,0,0,0,0,0,0,0,0,0,0,0,0,lightdock_1,0.003000,52.832394,44.486374,unacceptable
DB5,holo,91,218,4FP8,done,,20.659,5,5,0,0.001000,lightdock_1,-1000000.000000,0.001000,73.133041,43.952969,unacceptable,0,0,0,0,0,0,0,0,0,0,0,0,0,0,0,0,0,0,0,0,lightdock_1,0.001000,73.133041,43.952969,unacceptable
DB5,holo,92,218,4LW4,done,,22.269,5,5,0,0.009000,lightdock_4,-0.676915,0.006000,39.516022,20.806847,unacceptable,0,0,0,0,0,0,0,0,0,0,0,0,0,0,0,0,0,0,0,0,lightdock_1,0.006000,29.447472,20.364595,unacceptable
DB5,holo,93,218,2OT3,done,,12.279,5,5,0,0.015000,lightdock_4,-0.810608,0.015000,16.045500,20.524544,unacceptable,0,0,0,0,0,0,0,0,0,0,0,0,0,0,0,0,0,0,0,0,lightdock_1,0.012000,21.246325,19.994680,unacceptable
DB5,holo,94,218,1RLB,done,,18.271,5,5,0,0.001000,lightdock_1,-1000000.000000,0.001000,60.379597,49.951550,unacceptable,0,0,0,0,0,0,0,0,0,0,0,0,0,0,0,0,0,0,0,0,lightdock_1,0.001000,60.379597,49.951550,unacceptable
DB5,holo,95,218,2O3B,done,,11.099,5,5,0,0.012000,lightdock_2,-0.756100,0.009000,19.487453,17.282045,unacceptable,0,0,0,0,0,0,0,0,0,0,0,0,0,0,0,0,0,0,0,0,lightdock_1,0.004000,33.797169,25.340225,unacceptable
DB5,holo,96,218,2OOR,done,,22.679,5,5,0,0.008000,lightdock_3,0.234090,0.006000,36.894302,23.933552,unacceptable,0,0,0,0,0,0,0,0,0,0,0,0,0,0,0,0,0,0,0,0,lightdock_1,0.006000,30.627279,23.530161,unacceptable
DB5,holo,97,218,1GPW,done,,14.228,5,5,0,0.023000,lightdock_4,-0.467238,0.014000,26.505697,20.169863,unacceptable,0,0,0,0,0,0,0,0,0,0,0,0,0,0,0,0,0,0,0,0,lightdock_1,0.009000,29.315384,24.253811,unacceptable
DB5,holo,98,218,1E4K,done,,16.853,5,5,0,0.005000,lightdock_2,-0.391561,0.005000,34.032360,26.153130,unacceptable,0,0,0,0,0,0,0,0,0,0,0,0,0,0,0,0,0,0,0,0,lightdock_1,0.002000,47.038261,36.272243,unacceptable
DB5,holo,99,218,1ZHI,done,,9.895,5,5,0,0.003000,lightdock_1,-1000000.000000,0.001000,73.296600,60.984764,unacceptable,0,0,0,0,0,0,0,0,0,0,0,0,0,0,0,0,0,0,0,0,lightdock_1,0.001000,73.296600,60.984764,unacceptable
DB5,holo,100,218,6EY6,done,,20.052,5,5,0,0.005000,lightdock_1,-1000000.000000,0.005000,37.061703,26.264999,unacceptable,0,0,0,0,0,0,0,0,0,0,0,0,0,0,0,0,0,0,0,0,lightdock_1,0.005000,37.061703,26.264999,unacceptable
DB5,holo,101,218,1Y64,done,,24.561,5,5,0,0.001000,lightdock_1,-1000000.000000,0.001000,116.122734,109.374695,unacceptable,0,0,0,0,0,0,0,0,0,0,0,0,0,0,0,0,0,0,0,0,lightdock_1,0.001000,116.122734,109.374695,unacceptable
DB5,holo,102,218,5GRJ,done,,14.721,5,5,0,0.004000,lightdock_2,-0.487806,0.004000,31.730555,23.314451,unacceptable,0,0,0,0,0,0,0,0,0,0,0,0,0,0,0,0,0,0,0,0,lightdock_1,0.003000,34.568516,27.024214,unacceptable
DB5,holo,103,218,4H03,done,,24.389,5,5,0,0.017000,lightdock_1,-0.163913,0.005000,39.021320,29.119766,unacceptable,0,0,0,0,0,0,0,0,0,0,0,0,0,0,0,0,0,0,0,0,lightdock_1,0.005000,39.021320,29.119766,unacceptable
DB5,holo,104,218,1EER,done,,22.577,5,5,0,0.003000,lightdock_1,-1000000.000000,0.002000,57.040924,48.116714,unacceptable,0,0,0,0,0,0,0,0,0,0,0,0,0,0,0,0,0,0,0,0,lightdock_1,0.002000,57.040924,48.116714,unacceptable
DB5,,105,218,2IDO,error,'N',0.000,,,,,,,,,,,,,,,,,,,,,,,,,,,,,,,,,,,
DB5,holo,106,218,1S78,done,,34.872,5,5,0,0.001000,lightdock_1,-1000000.000000,0.000000,136.730362,97.422379,unacceptable,0,0,0,0,0,0,0,0,0,0,0,0,0,0,0,0,0,0,0,0,lightdock_1,0.000000,136.730362,97.422379,unacceptable
DB5,holo,107,218,1SYX,done,,6.691,5,5,0,0.169000,lightdock_2,-0.556863,0.019000,14.432259,12.877995,unacceptable,0,0,0,0,0,0,0,0,0,0,0,0,0,0,0,0,0,0,0,0,lightdock_1,0.023000,16.795273,11.961344,unacceptable
DB5,holo,108,218,2GTP,done,,12.188,5,5,0,0.064000,lightdock_3,-0.728240,0.064000,8.561568,9.394504,unacceptable,0,0,0,0,0,0,0,0,0,0,0,0,0,0,0,0,0,0,0,0,lightdock_1,0.010000,26.014933,18.218008,unacceptable
DB5,holo,109,218,1DQJ,done,,14.708,5,5,0,0.008000,lightdock_1,-1000000.000000,0.003000,41.081871,30.030264,unacceptable,0,0,0,0,0,0,0,0,0,0,0,0,0,0,0,0,0,0,0,0,lightdock_1,0.003000,41.081871,30.030264,unacceptable
DB5,holo,110,218,5CBA,done,,8.399,5,5,0,0.018000,lightdock_3,-0.442111,0.018000,19.552195,14.453470,unacceptable,0,0,0,0,0,0,0,0,0,0,0,0,0,0,0,0,0,0,0,0,lightdock_1,0.013000,25.197300,16.279097,unacceptable
DB5,holo,111,218,4DN4,done,,11.903,5,5,0,0.007000,lightdock_1,-1000000.000000,0.005000,35.748207,19.497780,unacceptable,0,0,0,0,0,0,0,0,0,0,0,0,0,0,0,0,0,0,0,0,lightdock_1,0.005000,35.748207,19.497780,unacceptable
DB5,holo,112,218,3AAD,done,,12.721,5,5,0,0.023000,lightdock_4,-0.777034,0.023000,15.203247,16.321053,unacceptable,0,0,0,0,0,0,0,0,0,0,0,0,0,0,0,0,0,0,0,0,lightdock_1,0.010000,27.636305,25.363400,unacceptable
DB5,holo,113,218,2HRK,done,,8.716,5,5,0,0.167000,lightdock_4,-0.773737,0.013000,18.206810,14.934034,unacceptable,0,0,0,0,0,0,0,0,0,0,0,0,0,0,0,0,0,0,0,0,lightdock_1,0.167000,6.224520,12.495239,unacceptable
DB5,holo,114,218,2A5T,done,,17.576,5,5,0,0.004000,lightdock_1,-1000000.000000,0.002000,49.570576,39.568775,unacceptable,0,0,0,0,0,0,0,0,0,0,0,0,0,0,0,0,0,0,0,0,lightdock_1,0.002000,49.570576,39.568775,unacceptable
DB5,holo,115,218,3WD5,done,,29.200,5,5,0,0.052000,lightdock_3,-0.641986,0.009000,23.176888,17.985125,unacceptable,0,0,0,0,0,0,0,0,0,0,0,0,0,0,0,0,0,0,0,0,lightdock_1,0.052000,11.070832,15.314927,unacceptable
DB5,,116,218,6AL0,error,'N',0.000,,,,,,,,,,,,,,,,,,,,,,,,,,,,,,,,,,,
DB5,holo,117,218,1JK9,done,,11.439,5,5,0,0.001000,lightdock_1,-1000000.000000,0.001000,97.937645,85.547920,unacceptable,0,0,0,0,0,0,0,0,0,0,0,0,0,0,0,0,0,0,0,0,lightdock_1,0.001000,97.937645,85.547920,unacceptable
DB5,holo,118,218,1WEJ,done,,13.399,5,5,0,0.007000,lightdock_1,-0.724767,0.007000,29.479874,21.261551,unacceptable,0,0,0,0,0,0,0,0,0,0,0,0,0,0,0,0,0,0,0,0,lightdock_1,0.007000,29.479874,21.261551,unacceptable
DB5,holo,119,218,1AZS,done,,22.677,5,5,0,0.041000,lightdock_1,0.394649,0.009000,36.082100,29.136522,unacceptable,0,0,0,0,0,0,0,0,0,0,0,0,0,0,0,0,0,0,0,0,lightdock_1,0.009000,36.082100,29.136522,unacceptable
DB5,holo,120,218,1GCQ,done,,5.194,5,5,0,0.031000,lightdock_5,-0.717328,0.013000,17.751802,14.928896,unacceptable,0,0,0,0,0,0,0,0,0,0,0,0,0,0,0,0,0,0,0,0,lightdock_1,0.014000,18.734634,14.781960,unacceptable
DB5,holo,121,218,1BVN,done,,11.990,5,5,0,0.020000,lightdock_1,-0.825983,0.020000,16.918926,11.793427,unacceptable,0,0,0,0,0,0,0,0,0,0,0,0,0,0,0,0,0,0,0,0,lightdock_1,0.020000,16.918926,11.793427,unacceptable
DB5,holo,122,218,2DD8,done,,16.438,5,5,0,0.003000,lightdock_1,-0.731182,0.003000,48.979904,32.985394,unacceptable,0,0,0,0,0,0,0,0,0,0,0,0,0,0,0,0,0,0,0,0,lightdock_1,0.003000,48.979904,32.985394,unacceptable
DB5,holo,123,218,2OOB,done,,4.969,5,5,0,0.071000,lightdock_4,-0.688863,0.071000,8.898825,8.958182,unacceptable,0,0,0,0,0,0,0,0,0,0,0,0,0,0,0,0,0,0,0,0,lightdock_1,0.025000,12.885037,11.846719,unacceptable
DB5,holo,124,218,6CWG,done,,13.475,5,5,0,0.002000,lightdock_1,-1000000.000000,0.001000,63.876354,50.601307,unacceptable,0,0,0,0,0,0,0,0,0,0,0,0,0,0,0,0,0,0,0,0,lightdock_1,0.001000,63.876354,50.601307,unacceptable
DB5,holo,125,218,5C7X,done,,13.201,5,5,0,0.010000,lightdock_1,-0.832430,0.005000,35.277477,31.280453,unacceptable,0,0,0,0,0,0,0,0,0,0,0,0,0,0,0,0,0,0,0,0,lightdock_1,0.005000,35.277477,31.280453,unacceptable
DB5,holo,126,218,4ETQ,done,,18.398,5,5,0,0.022000,lightdock_2,-0.767038,0.004000,40.577263,36.583134,unacceptable,0,0,0,0,0,0,0,0,0,0,0,0,0,0,0,0,0,0,0,0,lightdock_1,0.006000,25.806522,30.143324,unacceptable
DB5,holo,127,218,2ABZ,done,,9.059,5,5,0,0.005000,lightdock_1,-1000000.000000,0.002000,56.421959,37.119850,unacceptable,0,0,0,0,0,0,0,0,0,0,0,0,0,0,0,0,0,0,0,0,lightdock_1,0.002000,56.421959,37.119850,unacceptable
DB5,holo,128,218,3BIW,done,,18.012,5,5,0,0.003000,lightdock_1,-1000000.000000,0.002000,54.473572,35.082329,unacceptable,0,0,0,0,0,0,0,0,0,0,0,0,0,0,0,0,0,0,0,0,lightdock_1,0.002000,54.473572,35.082329,unacceptable
DB5,holo,129,218,5X0T,done,,12.460,5,5,0,0.001000,lightdock_1,-1000000.000000,0.001000,111.984512,76.055229,unacceptable,0,0,0,0,0,0,0,0,0,0,0,0,0,0,0,0,0,0,0,0,lightdock_1,0.001000,111.984512,76.055229,unacceptable
DB5,holo,130,218,6BPC,done,,22.491,5,5,0,0.004000,lightdock_1,-1000000.000000,0.002000,57.633572,37.580177,unacceptable,0,0,0,0,0,0,0,0,0,0,0,0,0,0,0,0,0,0,0,0,lightdock_1,0.002000,57.633572,37.580177,unacceptable
DB5,holo,131,218,2AYO,done,,10.996,5,5,0,0.003000,lightdock_1,-1000000.000000,0.003000,47.098877,37.538559,unacceptable,0,0,0,0,0,0,0,0,0,0,0,0,0,0,0,0,0,0,0,0,lightdock_1,0.003000,47.098877,37.538559,unacceptable
DB5,holo,132,218,1FFW,done,,6.354,5,5,0,0.009000,lightdock_1,-0.456942,0.008000,23.898930,18.238585,unacceptable,0,0,0,0,0,0,0,0,0,0,0,0,0,0,0,0,0,0,0,0,lightdock_1,0.008000,23.898930,18.238585,unacceptable
DB5,holo,133,218,1DFJ,done,,21.793,5,5,0,0.024000,lightdock_5,-0.462795,0.021000,23.204071,14.729347,unacceptable,0,0,0,0,0,0,0,0,0,0,0,0,0,0,0,0,0,0,0,0,lightdock_1,0.024000,18.234734,14.309667,unacceptable
DB5,,134,218,1IBR,error,'CA',0.000,,,,,,,,,,,,,,,,,,,,,,,,,,,,,,,,,,,
DB5,holo,135,218,1XD3,done,,8.473,5,5,0,0.010000,lightdock_1,-0.693669,0.010000,29.148113,17.373466,unacceptable,0,0,0,0,0,0,0,0,0,0,0,0,0,0,0,0,0,0,0,0,lightdock_1,0.010000,29.148113,17.373466,unacceptable
DB5,holo,136,218,4M76,done,,14.134,5,5,0,0.025000,lightdock_5,-0.721455,0.005000,32.499271,21.583689,unacceptable,0,0,0,0,0,0,0,0,0,0,0,0,0,0,0,0,0,0,0,0,lightdock_1,0.008000,21.990675,26.992277,unacceptable
DB5,,137,218,3L89,error,'N',0.000,,,,,,,,,,,,,,,,,,,,,,,,,,,,,,,,,,,
DB5,holo,138,218,2A9K,done,,13.495,5,5,0,0.038000,lightdock_2,-0.759245,0.038000,16.674881,15.313784,unacceptable,0,0,0,0,0,0,0,0,0,0,0,0,0,0,0,0,0,0,0,0,lightdock_1,0.038000,16.557194,15.306301,unacceptable
DB5,holo,139,218,1B6C,done,,17.400,5,5,0,0.025000,lightdock_1,0.118837,0.005000,30.255350,25.310923,unacceptable,0,0,0,0,0,0,0,0,0,0,0,0,0,0,0,0,0,0,0,0,lightdock_1,0.005000,30.255350,25.310923,unacceptable
DB5,holo,140,218,3DAW,done,,13.517,5,5,0,0.020000,lightdock_2,-0.770951,0.016000,22.279701,16.156437,unacceptable,0,0,0,0,0,0,0,0,0,0,0,0,0,0,0,0,0,0,0,0,lightdock_1,0.012000,24.023134,17.885612,unacceptable
DB5,holo,141,218,2SNI,done,,8.309,5,5,0,0.067000,lightdock_1,-0.806930,0.055000,12.809018,9.675287,unacceptable,0,0,0,0,0,0,0,0,0,0,0,0,0,0,0,0,0,0,0,0,lightdock_1,0.055000,12.809018,9.675287,unacceptable
DB5,holo,142,218,5VNW,done,,26.896,5,5,0,0.002000,lightdock_1,-1000000.000000,0.002000,57.708546,35.114525,unacceptable,0,0,0,0,0,0,0,0,0,0,0,0,0,0,0,0,0,0,0,0,lightdock_1,0.002000,57.708546,35.114525,unacceptable
DB5,holo,143,218,3D5S,done,,8.726,5,5,0,0.048000,lightdock_5,-0.789204,0.048000,12.272405,8.959788,unacceptable,0,0,0,0,0,0,0,0,0,0,0,0,0,0,0,0,0,0,0,0,lightdock_1,0.012000,19.901861,17.077791,unacceptable
DB5,holo,144,218,1ZHH,done,,15.496,5,5,0,0.005000,lightdock_1,-1000000.000000,0.002000,52.322025,43.643909,unacceptable,0,0,0,0,0,0,0,0,0,0,0,0,0,0,0,0,0,0,0,0,lightdock_1,0.002000,52.322025,43.643909,unacceptable
DB5,holo,145,218,1FAK,done,,15.618,5,5,0,0.003000,lightdock_1,-1000000.000000,0.003000,49.921974,40.218067,unacceptable,0,0,0,0,0,0,0,0,0,0,0,0,0,0,0,0,0,0,0,0,lightdock_1,0.003000,49.921974,40.218067,unacceptable
DB5,holo,146,218,1CLV,done,,9.891,5,5,0,0.013000,lightdock_4,-0.681140,0.011000,22.202940,11.996968,unacceptable,0,0,0,0,0,0,0,0,0,0,0,0,0,0,0,0,0,0,0,0,lightdock_1,0.012000,24.109493,11.536179,unacceptable
DB5,holo,147,218,3U7Y,done,,23.248,5,5,0,0.015000,lightdock_5,-0.701021,0.004000,39.842949,31.326756,unacceptable,0,0,0,0,0,0,0,0,0,0,0,0,0,0,0,0,0,0,0,0,lightdock_1,0.005000,27.436068,24.644268,unacceptable
DB5,holo,148,218,1HE1,done,,11.065,5,5,0,0.022000,lightdock_5,-0.568760,0.022000,20.123741,17.206074,unacceptable,0,0,0,0,0,0,0,0,0,0,0,0,0,0,0,0,0,0,0,0,lightdock_1,0.015000,23.588514,21.472176,unacceptable
DB5,holo,149,218,1OC0,done,,8.895,5,5,0,0.017000,lightdock_2,0.047919,0.005000,34.038990,20.865423,unacceptable,0,0,0,0,0,0,0,0,0,0,0,0,0,0,0,0,0,0,0,0,lightdock_1,0.017000,18.034567,10.265058,unacceptable
DB5,holo,150,218,4DW2,done,,18.728,5,5,0,0.018000,lightdock_3,-0.785748,0.008000,17.621281,27.259972,unacceptable,0,0,0,0,0,0,0,0,0,0,0,0,0,0,0,0,0,0,0,0,lightdock_1,0.007000,20.425785,29.049944,unacceptable
DB5,holo,151,218,3AAA,done,,15.935,5,5,0,0.006000,lightdock_1,-0.269024,0.004000,29.034527,26.401781,unacceptable,0,0,0,0,0,0,0,0,0,0,0,0,0,0,0,0,0,0,0,0,lightdock_1,0.004000,29.034527,26.401781,unacceptable
DB5,holo,152,218,1EWY,done,,10.531,5,5,0,0.181000,lightdock_3,-0.200457,0.011000,23.497475,18.662207,unacceptable,0,0,0,0,0,0,0,0,0,0,0,0,0,0,0,0,0,0,0,0,lightdock_1,0.012000,18.234081,17.260490,unacceptable
DB5,holo,153,218,3L5W,done,,13.546,5,5,0,0.015000,lightdock_4,-0.665802,0.007000,27.410608,19.791790,unacceptable,0,0,0,0,0,0,0,0,0,0,0,0,0,0,0,0,0,0,0,0,lightdock_1,0.012000,19.255608,16.772705,unacceptable
DB5,holo,154,218,1VFB,done,,11.171,5,5,0,0.015000,lightdock_3,-0.691917,0.015000,10.404953,17.950394,unacceptable,0,0,0,0,0,0,0,0,0,0,0,0,0,0,0,0,0,0,0,0,lightdock_1,0.007000,24.154572,20.360022,unacceptable
DB5,holo,155,218,3VLB,done,,16.919,5,5,0,0.014000,lightdock_2,-0.675085,0.004000,36.396362,27.523485,unacceptable,0,0,0,0,0,0,0,0,0,0,0,0,0,0,0,0,0,0,0,0,lightdock_1,0.005000,28.020044,26.285074,unacceptable
DB5,holo,156,218,1MAH,done,,12.657,5,5,0,0.001000,lightdock_1,-1000000.000000,0.001000,76.085564,42.365166,unacceptable,0,0,0,0,0,0,0,0,0,0,0,0,0,0,0,0,0,0,0,0,lightdock_1,0.001000,76.085564,42.365166,unacceptable
DB5,holo,157,218,5O14,done,,19.158,5,5,0,0.014000,lightdock_1,-1000000.000000,0.014000,23.022444,18.803675,unacceptable,0,0,0,0,0,0,0,0,0,0,0,0,0,0,0,0,0,0,0,0,lightdock_1,0.014000,23.022444,18.803675,unacceptable
DB5,holo,158,218,1J2J,done,,6.368,5,5,0,0.017000,lightdock_5,-0.469296,0.010000,22.983643,16.163633,unacceptable,0,0,0,0,0,0,0,0,0,0,0,0,0,0,0,0,0,0,0,0,lightdock_1,0.005000,33.113510,22.663239,unacceptable
DB5,holo,159,218,1WQ1,done,,14.224,5,5,0,0.052000,lightdock_2,-0.653857,0.011000,22.055925,17.999390,unacceptable,0,0,0,0,0,0,0,0,0,0,0,0,0,0,0,0,0,0,0,0,lightdock_1,0.010000,16.946455,19.653025,unacceptable
DB5,holo,160,218,1BKD,done,,16.673,5,5,0,0.002000,lightdock_1,-1000000.000000,0.002000,52.484898,43.246147,unacceptable,0,0,0,0,0,0,0,0,0,0,0,0,0,0,0,0,0,0,0,0,lightdock_1,0.002000,52.484898,43.246147,unacceptable
DB5,holo,161,218,4FZA,done,,19.769,5,5,0,0.003000,lightdock_1,-1000000.000000,0.003000,37.225590,27.555988,unacceptable,0,0,0,0,0,0,0,0,0,0,0,0,0,0,0,0,0,0,0,0,lightdock_1,0.003000,37.225590,27.555988,unacceptable
DB5,holo,162,218,2VDB,done,,13.555,5,5,0,0.022000,lightdock_1,-0.601135,0.005000,35.759792,19.584616,unacceptable,0,0,0,0,0,0,0,0,0,0,0,0,0,0,0,0,0,0,0,0,lightdock_1,0.005000,35.759792,19.584616,unacceptable
DB5,holo,163,218,1T6B,done,,20.881,5,5,0,0.048000,lightdock_3,-0.522584,0.045000,13.324317,9.432507,unacceptable,0,0,0,0,0,0,0,0,0,0,0,0,0,0,0,0,0,0,0,0,lightdock_1,0.017000,26.760027,14.489572,unacceptable
DB5,holo,164,218,2PCC,done,,10.967,5,5,0,0.023000,lightdock_1,-0.737662,0.023000,12.903569,11.551852,unacceptable,0,0,0,0,0,0,0,0,0,0,0,0,0,0,0,0,0,0,0,0,lightdock_1,0.023000,12.903569,11.551852,unacceptable
DB5,holo,165,218,4G6J,done,,15.772,5,5,0,0.036000,lightdock_3,-0.674746,0.022000,18.282623,14.094857,unacceptable,0,0,0,0,0,0,0,0,0,0,0,0,0,0,0,0,0,0,0,0,lightdock_1,0.004000,49.273693,36.256607,unacceptable
DB5,holo,166,218,1GXD,done,,21.064,5,5,0,0.014000,lightdock_2,-0.705295,0.014000,18.105459,13.719180,unacceptable,0,0,0,0,0,0,0,0,0,0,0,0,0,0,0,0,0,0,0,0,lightdock_1,0.003000,39.308434,25.558731,unacceptable
DB5,holo,167,218,1QA9,done,,7.471,5,5,0,0.019000,lightdock_1,0.539996,0.009000,24.703943,20.999598,unacceptable,0,0,0,0,0,0,0,0,0,0,0,0,0,0,0,0,0,0,0,0,lightdock_1,0.009000,24.703943,20.999598,unacceptable
DB5,holo,168,218,1GL1,done,,6.547,5,5,0,0.007000,lightdock_1,-1000000.000000,0.004000,42.235062,25.953621,unacceptable,0,0,0,0,0,0,0,0,0,0,0,0,0,0,0,0,0,0,0,0,lightdock_1,0.004000,42.235062,25.953621,unacceptable
DB5,holo,169,218,3BX7,done,,9.386,5,5,0,0.007000,lightdock_1,-1000000.000000,0.007000,38.718613,31.821991,unacceptable,0,0,0,0,0,0,0,0,0,0,0,0,0,0,0,0,0,0,0,0,lightdock_1,0.007000,38.718613,31.821991,unacceptable
DB5,holo,170,218,2NZ8,done,,14.016,5,5,0,0.015000,lightdock_4,-0.645145,0.006000,26.768116,26.068764,unacceptable,0,0,0,0,0,0,0,0,0,0,0,0,0,0,0,0,0,0,0,0,lightdock_1,0.007000,32.644707,25.760273,unacceptable
DB5,holo,171,218,1H9D,done,,9.399,5,5,0,0.001000,lightdock_1,-1000000.000000,0.001000,92.643776,87.650612,unacceptable,0,0,0,0,0,0,0,0,0,0,0,0,0,0,0,0,0,0,0,0,lightdock_1,0.001000,92.643776,87.650612,unacceptable
DB5,holo,172,218,1Z0K,done,,7.117,5,5,0,0.008000,lightdock_1,-1000000.000000,0.008000,26.004601,20.675104,unacceptable,0,0,0,0,0,0,0,0,0,0,0,0,0,0,0,0,0,0,0,0,lightdock_1,0.008000,26.004601,20.675104,unacceptable
DB5,holo,173,218,1JTD,done,,17.016,5,5,0,0.036000,lightdock_2,-0.382299,0.016000,16.334436,16.502451,unacceptable,0,0,0,0,0,0,0,0,0,0,0,0,0,0,0,0,0,0,0,0,lightdock_1,0.015000,16.203806,17.307886,unacceptable
DB5,holo,174,218,1E6E,done,,12.792,5,5,0,0.001000,lightdock_1,-1000000.000000,0.001000,73.688797,53.306988,unacceptable,0,0,0,0,0,0,0,0,0,0,0,0,0,0,0,0,0,0,0,0,lightdock_1,0.001000,73.688797,53.306988,unacceptable
DB5,holo,175,218,1AKJ,done,,17.546,5,5,0,0.011000,lightdock_1,-1000000.000000,0.011000,23.946045,20.574135,unacceptable,0,0,0,0,0,0,0,0,0,0,0,0,0,0,0,0,0,0,0,0,lightdock_1,0.011000,23.946045,20.574135,unacceptable
DB5,holo,176,218,2O8V,done,,9.113,5,5,0,0.020000,lightdock_1,-1000000.000000,0.020000,22.044378,16.734198,unacceptable,0,0,0,0,0,0,0,0,0,0,0,0,0,0,0,0,0,0,0,0,lightdock_1,0.020000,22.044378,16.734198,unacceptable
DB5,holo,177,218,5JMO,done,,21.095,5,5,0,0.021000,lightdock_5,-0.652999,0.021000,13.160787,11.383977,unacceptable,0,0,0,0,0,0,0,0,0,0,0,0,0,0,0,0,0,0,0,0,lightdock_1,0.003000,41.467632,28.776468,unacceptable
DB5,holo,178,218,4Y7M,done,,12.498,5,5,0,0.050000,lightdock_1,-0.773703,0.050000,9.222625,11.677187,unacceptable,0,0,0,0,0,0,0,0,0,0,0,0,0,0,0,0,0,0,0,0,lightdock_1,0.050000,9.222625,11.677187,unacceptable
DB5,holo,179,218,3SZK,done,,11.546,5,5,0,0.008000,lightdock_1,-0.691808,0.006000,24.010143,23.070406,unacceptable,0,0,0,0,0,0,0,0,0,0,0,0,0,0,0,0,0,0,0,0,lightdock_1,0.006000,24.010143,23.070406,unacceptable
DB5,holo,180,218,3HI6,done,,16.410,5,5,0,0.003000,lightdock_1,-1000000.000000,0.003000,41.936058,31.183723,unacceptable,0,0,0,0,0,0,0,0,0,0,0,0,0,0,0,0,0,0,0,0,lightdock_1,0.003000,41.936058,31.183723,unacceptable
DB5,,181,218,1US7,error,'CA',0.000,,,,,,,,,,,,,,,,,,,,,,,,,,,,,,,,,,,
DB5,holo,182,218,5E5M,done,,7.762,5,5,0,0.015000,lightdock_5,0.152624,0.009000,26.550085,19.501797,unacceptable,0,0,0,0,0,0,0,0,0,0,0,0,0,0,0,0,0,0,0,0,lightdock_1,0.005000,35.617462,22.440100,unacceptable
DB5,holo,183,218,3MJ9,done,,18.805,5,5,0,0.013000,lightdock_5,-0.106610,0.007000,28.700912,24.481403,unacceptable,0,0,0,0,0,0,0,0,0,0,0,0,0,0,0,0,0,0,0,0,lightdock_1,0.007000,24.569313,26.076641,unacceptable
DB5,holo,184,218,1KTZ,done,,7.093,5,5,0,0.004000,lightdock_1,-1000000.000000,0.004000,39.996449,39.568176,unacceptable,0,0,0,0,0,0,0,0,0,0,0,0,0,0,0,0,0,0,0,0,lightdock_1,0.004000,39.996449,39.568176,unacceptable
DB5,holo,185,218,1GHQ,done,,11.587,5,5,0,0.003000,lightdock_1,-1000000.000000,0.003000,45.144066,36.934879,unacceptable,0,0,0,0,0,0,0,0,0,0,0,0,0,0,0,0,0,0,0,0,lightdock_1,0.003000,45.144066,36.934879,unacceptable
DB5,holo,186,218,4HX3,done,,10.277,5,5,0,0.025000,lightdock_1,-0.790004,0.025000,16.679756,14.086921,unacceptable,0,0,0,0,0,0,0,0,0,0,0,0,0,0,0,0,0,0,0,0,lightdock_1,0.025000,16.679756,14.086921,unacceptable
DB5,holo,187,218,3EOA,done,,16.239,5,5,0,0.013000,lightdock_4,-0.716111,0.013000,23.156551,14.850266,unacceptable,0,0,0,0,0,0,0,0,0,0,0,0,0,0,0,0,0,0,0,0,lightdock_1,0.010000,22.693693,19.131937,unacceptable
DB5,holo,188,218,1K5D,done,,21.811,5,5,0,0.023000,lightdock_3,0.020836,0.010000,21.820816,27.469467,unacceptable,0,0,0,0,0,0,0,0,0,0,0,0,0,0,0,0,0,0,0,0,lightdock_1,0.015000,15.054330,20.504669,unacceptable
DB5,holo,189,218,1AY7,done,,6.719,5,5,0,0.144000,lightdock_2,-0.879733,0.144000,5.285467,15.632094,unacceptable,0,0,0,0,0,0,0,0,0,0,0,0,0,0,0,0,0,0,0,0,lightdock_1,0.028000,12.184149,16.134085,unacceptable
DB5,holo,190,218,3F1P,done,,7.741,5,5,0,0.008000,lightdock_4,-0.630339,0.008000,26.946638,21.680206,unacceptable,0,0,0,0,0,0,0,0,0,0,0,0,0,0,0,0,0,0,0,0,lightdock_1,0.007000,29.214333,21.751070,unacceptable
DB5,holo,191,218,1BUH,done,,9.036,5,5,0,0.010000,lightdock_2,-0.709578,0.008000,22.645294,22.309765,unacceptable,0,0,0,0,0,0,0,0,0,0,0,0,0,0,0,0,0,0,0,0,lightdock_1,0.008000,22.619017,22.284990,unacceptable
DB5,holo,192,218,1K74,done,,17.574,5,5,0,0.017000,lightdock_2,-0.739179,0.017000,18.145966,16.936743,unacceptable,0,0,0,0,0,0,0,0,0,0,0,0,0,0,0,0,0,0,0,0,lightdock_1,0.012000,21.334461,17.837360,unacceptable
DB5,holo,193,218,1UDI,done,,8.711,5,5,0,0.004000,lightdock_1,-1000000.000000,0.004000,36.904228,25.740995,unacceptable,0,0,0,0,0,0,0,0,0,0,0,0,0,0,0,0,0,0,0,0,lightdock_1,0.004000,36.904228,25.740995,unacceptable
DB5,holo,194,218,1HIA,done,,7.671,5,5,0,0.033000,lightdock_2,-0.682567,0.028000,12.397181,9.847756,unacceptable,0,0,0,0,0,0,0,0,0,0,0,0,0,0,0,0,0,0,0,0,lightdock_1,0.026000,18.970247,10.813386,unacceptable
DB5,holo,195,218,1EFN,done,,5.313,5,5,0,0.016000,lightdock_1,-1000000.000000,0.015000,20.865105,19.633230,unacceptable,0,0,0,0,0,0,0,0,0,0,0,0,0,0,0,0,0,0,0,0,lightdock_1,0.015000,20.865105,19.633230,unacceptable
DB5,holo,196,218,1AHW,done,,17.854,5,5,0,0.045000,lightdock_2,-0.701291,0.004000,33.903996,29.246866,unacceptable,0,0,0,0,0,0,0,0,0,0,0,0,0,0,0,0,0,0,0,0,lightdock_1,0.004000,39.895733,34.082405,unacceptable
DB5,holo,197,218,2FD6,done,,19.074,5,5,0,0.007000,lightdock_5,-0.788247,0.007000,20.265781,23.612459,unacceptable,0,0,0,0,0,0,0,0,0,0,0,0,0,0,0,0,0,0,0,0,lightdock_1,0.004000,30.434536,36.788162,unacceptable
DB5,holo,198,218,2C0L,done,,10.491,5,5,0,0.023000,lightdock_5,-0.643082,0.018000,24.819437,14.946648,unacceptable,0,0,0,0,0,0,0,0,0,0,0,0,0,0,0,0,0,0,0,0,lightdock_1,0.020000,21.030161,14.741858,unacceptable
DB5,,199,218,1OFU,error,'CA',0.000,,,,,,,,,,,,,,,,,,,,,,,,,,,,,,,,,,,
DB5,holo,200,218,2OUL,done,,9.240,5,5,0,0.001000,lightdock_1,-1000000.000000,0.000000,126.527328,101.898026,unacceptable,0,0,0,0,0,0,0,0,0,0,0,0,0,0,0,0,0,0,0,0,lightdock_1,0.000000,126.527328,101.898026,unacceptable
DB5,holo,201,218,3FN1,done,,7.266,5,5,0,0.026000,lightdock_5,0.281792,0.012000,23.057423,16.034576,unacceptable,0,0,0,0,0,0,0,0,0,0,0,0,0,0,0,0,0,0,0,0,lightdock_1,0.026000,17.015114,13.243898,unacceptable
DB5,holo,202,218,1JZD,done,,13.577,5,5,0,0.013000,lightdock_3,-0.576727,0.009000,24.557978,19.554848,unacceptable,0,0,0,0,0,0,0,0,0,0,0,0,0,0,0,0,0,0,0,0,lightdock_1,0.013000,26.030842,16.350124,unacceptable
DB5,holo,203,218,2G77,done,,13.674,5,5,0,0.028000,lightdock_3,-0.093526,0.018000,18.734364,16.720291,unacceptable,0,0,0,0,0,0,0,0,0,0,0,0,0,0,0,0,0,0,0,0,lightdock_1,0.012000,27.787960,18.510216,unacceptable
DB5,holo,204,218,3SE8,done,,23.510,5,5,0,0.073000,lightdock_1,-0.750536,0.073000,15.800714,22.052435,unacceptable,0,0,0,0,0,0,0,0,0,0,0,0,0,0,0,0,0,0,0,0,lightdock_1,0.073000,15.800714,22.052435,unacceptable
DB5,,205,218,1E96,error,'O',0.000,,,,,,,,,,,,,,,,,,,,,,,,,,,,,,,,,,,
DB5,holo,206,218,2BTF,done,,13.006,5,5,0,0.002000,lightdock_1,-1000000.000000,0.002000,47.087978,34.015800,unacceptable,0,0,0,0,0,0,0,0,0,0,0,0,0,0,0,0,0,0,0,0,lightdock_1,0.002000,47.087978,34.015800,unacceptable
DB5,holo,207,218,2HQS,done,,12.838,5,5,0,0.030000,lightdock_1,-0.732434,0.024000,17.256552,13.213690,unacceptable,0,0,0,0,0,0,0,0,0,0,0,0,0,0,0,0,0,0,0,0,lightdock_1,0.024000,17.256552,13.213690,unacceptable
DB5,holo,208,218,5WK3,done,,11.430,5,5,0,0.006000,lightdock_3,-0.831053,0.006000,27.428955,23.652803,unacceptable,0,0,0,0,0,0,0,0,0,0,0,0,0,0,0,0,0,0,0,0,lightdock_1,0.006000,25.991283,24.304712,unacceptable
DB5,holo,209,218,1R6Q,done,,7.469,5,5,0,0.007000,lightdock_2,0.028464,0.007000,23.773550,20.723614,unacceptable,0,0,0,0,0,0,0,0,0,0,0,0,0,0,0,0,0,0,0,0,lightdock_1,0.005000,29.554504,23.996656,unacceptable
DB5,holo,210,218,1R0R,done,,7.589,5,5,0,0.021000,lightdock_4,-0.015393,0.021000,23.881830,11.846318,unacceptable,0,0,0,0,0,0,0,0,0,0,0,0,0,0,0,0,0,0,0,0,lightdock_1,0.005000,45.923344,25.688025,unacceptable
DB5,holo,211,218,1R8S,done,,11.910,5,5,0,0.011000,lightdock_5,-0.671831,0.007000,20.422447,17.373098,unacceptable,0,0,0,0,0,0,0,0,0,0,0,0,0,0,0,0,0,0,0,0,lightdock_1,0.003000,34.776855,30.788504,unacceptable
DB5,holo,212,218,1FCC,done,,10.713,5,5,0,0.030000,lightdock_1,-0.832371,0.023000,13.498136,10.491915,unacceptable,0,0,0,0,0,0,0,0,0,0,0,0,0,0,0,0,0,0,0,0,lightdock_1,0.023000,13.498136,10.491915,unacceptable
DB5,holo,213,218,3G6D,done,,12.791,5,5,0,0.008000,lightdock_4,-0.761068,0.003000,43.441280,37.739727,unacceptable,0,0,0,0,0,0,0,0,0,0,0,0,0,0,0,0,0,0,0,0,lightdock_1,0.008000,26.555410,23.317966,unacceptable
DB5,holo,214,218,1ZM4,done,,23.558,5,5,0,0.010000,lightdock_1,-0.579633,0.003000,31.954922,29.921551,unacceptable,0,0,0,0,0,0,0,0,0,0,0,0,0,0,0,0,0,0,0,0,lightdock_1,0.003000,31.954922,29.921551,unacceptable
DB5,holo,215,218,1XU1,done,,9.903,5,5,0,0.115000,lightdock_4,-0.879032,0.087000,10.573563,8.826653,unacceptable,0,0,0,0,0,0,0,0,0,0,0,0,0,0,0,0,0,0,0,0,lightdock_1,0.041000,13.786179,7.687093,unacceptable
DB5,holo,216,218,1KKL,done,,13.004,5,5,0,0.010000,lightdock_1,-0.203707,0.003000,45.937206,29.934166,unacceptable,0,0,0,0,0,0,0,0,0,0,0,0,0,0,0,0,0,0,0,0,lightdock_1,0.003000,45.937206,29.934166,unacceptable
DB5,holo,217,218,1FQJ,done,,12.291,5,5,0,0.002000,lightdock_1,-1000000.000000,0.002000,47.081665,36.471821,unacceptable,0,0,0,0,0,0,0,0,0,0,0,0,0,0,0,0,0,0,0,0,lightdock_1,0.002000,47.081665,36.471821,unacceptable
DB5,holo,218,218,2B4J,done,,10.101,5,5,0,0.015000,lightdock_3,-0.655526,0.008000,27.222618,17.752337,unacceptable,0,0,0,0,0,0,0,0,0,0,0,0,0,0,0,0,0,0,0,0,lightdock_1,0.014000,23.221928,12.909943,unacceptable
