target,n_decoys,n_acceptable_plus,n_medium_plus,n_high,n_positive,spearman,pearson,top20_spearman,auc_pos,auc_any,auc_med,auc_high,auc_dockq,success@1,success_any@1,success_med@1,success_high@1,hitrate@1,success@2,success_any@2,success_med@2,success_high@2,hitrate@2,success@5,success_any@5,success_med@5,success_high@5,hitrate@5,success@10,success_any@10,success_med@10,success_high@10,hitrate@10,success@100,success_any@100,success_med@100,success_high@100,hitrate@100
S-T024.1,20,0,0,0,0,-0.35719759705884824,0.08088087405706755,-0.35719759705884824,,,,,,0,False,False,False,0.0,0,False,False,False,0.0,0,False,False,False,0.0,0,False,False,False,0.0,0,False,False,False,0.0
S-T025.1,60,22,6,0,22,-0.037519281788388904,-0.07262017438616782,-0.0264252938938435,0.35167464114832536,0.35167464114832536,0.42592592592592593,,0.35167464114832536,0,False,False,False,0.0,0,False,False,False,0.0,0,False,False,False,0.0,1,True,True,False,0.1,1,True,True,False,0.36666666666666664
S-T026.1,65,26,14,6,26,0.08839791081461368,0.09176591322551816,0.016541353383458645,0.5315581854043392,0.5315581854043392,0.645658263305322,0.5677966101694915,0.5152380952380953,0,False,False,False,1.0,0,False,False,False,0.5,0,False,False,False,0.2,1,True,True,True,0.6,1,True,True,True,0.5384615384615384
S-T029.1,145,27,14,1,27,-0.42802628727028635,-0.4163469421142082,0.16622791698292633,0.18016321406151914,0.18016321406151914,0.2682660850599782,0.3680555555555556,0.17612942612942614,0,False,False,False,0.0,0,False,False,False,0.0,0,False,False,False,0.0,0,False,False,False,0.0,1,True,True,True,0.08
S-T030.1,131,0,0,0,0,0.003072356541366115,-0.03084290738780483,-0.08954103362481289,,,,,,0,False,False,False,0.0,0,False,False,False,0.0,0,False,False,False,0.0,0,False,False,False,0.0,0,False,False,False,0.0
S-T032.1,120,2,0,0,2,-0.13305922332380465,-0.3996858617952756,-0.19427732875489787,0.01694915254237289,0.01694915254237289,,,0.01694915254237289,0,False,False,False,0.0,0,False,False,False,0.0,0,False,False,False,0.0,0,False,False,False,0.0,0,False,False,False,0.0
S-T035.1,101,1,0,0,1,-0.07771842763406527,0.02430608383324878,0.18907754809657318,0.38,0.38,,,,0,False,False,False,0.0,0,False,False,False,0.0,0,False,False,False,0.0,0,False,False,False,0.0,1,True,False,False,0.0
S-T036.1,80,0,0,0,0,0.1602785451784308,0.03918942236606905,-0.36493614544566594,,,,,,0,False,False,False,0.0,0,False,False,False,0.0,0,False,False,False,0.0,0,False,False,False,0.0,0,False,False,False,0.0
S-T037.1,110,26,15,5,26,0.09647554753192908,0.044225990996193315,-0.17306250196392406,0.5471611721611722,0.5471611721611722,0.4421052631578947,0.6438095238095238,0.5471611721611722,1,True,False,False,1.0,1,True,True,False,1.0,1,True,True,True,0.6,1,True,True,True,0.6,1,True,True,True,0.21
S-T037.2,110,11,5,0,11,0.100617645758398,0.03345630557428454,0.08649868983274446,0.5087235996326905,0.5087235996326905,0.34857142857142853,,0.5087235996326905,0,False,False,False,0.0,0,False,False,False,0.0,0,False,False,False,0.0,0,False,False,False,0.0,1,True,True,False,0.11
S-T038.1,100,0,0,0,0,0.15556009833505605,0.11374219890557853,-0.27830013250535174,,,,,,0,False,False,False,0.0,0,False,False,False,0.0,0,False,False,False,0.0,0,False,False,False,0.0,0,False,False,False,0.0
S-T039.1,130,0,0,0,0,0.13798737262171357,-0.08458390874822344,-0.30433198976500225,,,,,,0,False,False,False,0.0,0,False,False,False,0.0,0,False,False,False,0.0,0,False,False,False,0.0,0,False,False,False,0.0
S-T040.1,150,58,46,19,58,0.3459732197401555,0.3505541101421894,-0.18879279259146836,0.6997751124437781,0.6997751124437781,0.6546822742474916,0.6046605062274006,0.6947289998137456,1,True,True,False,1.0,1,True,True,False,0.5,1,True,True,False,0.2,1,True,True,False,0.4,1,True,True,True,0.53
S-T040.2,150,43,40,22,43,0.013373324115029608,0.04721666874337585,0.11437174042833244,0.49836991958269944,0.49836991958269944,0.5281818181818183,0.5877130681818181,0.4951097587480982,0,False,False,False,0.0,1,True,True,False,0.5,1,True,True,False,0.2,1,True,True,False,0.2,1,True,True,True,0.3
S-T041.1,120,74,20,2,74,-0.09785850953905749,0.00436291492782379,-0.10225563909774435,0.46445358401880144,0.46445358401880144,0.4035,0.2711864406779661,0.46021568055960355,0,False,False,False,0.0,1,True,False,False,0.5,1,True,False,False,0.4,1,True,True,False,0.5,1,True,True,True,0.63
S-T046.1,160,16,0,0,16,0.42936847534893396,0.34125251385257604,0.40996955955305775,0.8719618055555556,0.8719618055555556,,,0.8099472990777339,0,False,False,False,0.0,1,True,False,False,0.5,1,True,False,False,0.6,1,True,False,False,0.7,1,True,False,False,0.22
S-T047.1,128,101,101,63,101,0.20986608725233705,0.25292008201998994,-0.1195938407252728,0.6087275394206086,0.6087275394206086,0.6087275394206086,0.5807081807081806,0.6087275394206086,0,False,False,False,0.0,0,False,False,False,0.0,1,True,True,True,0.6,1,True,True,True,0.6,1,True,True,True,0.84
S-T050.1,140,35,14,0,35,0.11589144755119553,0.1002286899902322,-0.030097826428508535,0.6190476190476191,0.6190476190476191,0.44160997732426305,,0.6190476190476191,0,False,False,False,0.0,0,False,False,False,0.0,1,True,False,False,0.4,1,True,False,False,0.4,1,True,True,False,0.3
S-T053.1,130,38,13,0,38,0.07608268154860488,0.05386883372209619,-0.19841683563677998,0.5431922196796338,0.5431922196796338,0.4128862590401052,,0.5372222222222223,1,True,True,False,1.0,1,True,True,False,0.5,1,True,True,False,0.6,1,True,True,False,0.6,1,True,True,False,0.31
S-T054.1,130,0,0,0,0,-0.07734328285140753,-0.020831344852930703,0.12180451127819547,,,,,,0,False,False,False,0.0,0,False,False,False,0.0,0,False,False,False,0.0,0,False,False,False,0.0,0,False,False,False,0.0
S-T068.1,120,0,0,0,0,-0.05186586369768748,-0.059764553145977756,-0.518630364461092,,,,,,0,False,False,False,0.0,0,False,False,False,0.0,0,False,False,False,0.0,0,False,False,False,0.0,0,False,False,False,0.0
S-T068.2,120,0,0,0,0,0.17320726447563006,0.1800892590433044,-0.012048206434412272,,,,,,0,False,False,False,0.0,0,False,False,False,0.0,0,False,False,False,0.0,0,False,False,False,0.0,0,False,False,False,0.0
S-T069.1,132,82,58,0,82,0.5091952195133347,0.42711332649056694,0.23609022556390977,0.6909756097560975,0.6909756097560975,0.7856477166821995,,0.6909756097560975,1,True,True,False,1.0,1,True,True,False,1.0,1,True,True,False,1.0,1,True,True,False,0.8,1,True,True,False,0.71
S-T070.1,130,0,0,0,0,0.3644394337853585,0.31722149911407654,-0.5265137641993141,,,,,,0,False,False,False,0.0,0,False,False,False,0.0,0,False,False,False,0.0,0,False,False,False,0.0,0,False,False,False,0.0
S-T070.2,118,27,21,0,27,0.3001844456253531,0.14099790301467802,0.41804511278195483,0.42002442002442003,0.42002442002442003,0.45900834560628373,,0.42002442002442003,0,False,False,False,0.0,0,False,False,False,0.0,0,False,False,False,0.0,0,False,False,False,0.0,1,True,True,False,0.27
S-T071.1,130,1,0,0,1,-0.20727791803537998,0.029754112497545896,0.4324934491637223,0.7674418604651163,0.7674418604651163,,,,0,False,False,False,0.0,0,False,False,False,0.0,0,False,False,False,0.0,0,False,False,False,0.0,1,True,False,False,0.0
S-T071.2,127,0,0,0,0,0.5371048836159967,0.4080774058123418,-0.379661690201884,,,,,,0,False,False,False,0.0,0,False,False,False,0.0,0,False,False,False,0.0,0,False,False,False,0.0,0,False,False,False,0.0
S-T071.3,126,6,0,0,6,-0.20910416326930983,-0.0305995041494398,0.06165413533834586,0.49722222222222223,0.49722222222222223,,,0.49722222222222223,0,False,False,False,0.0,0,False,False,False,0.0,0,False,False,False,0.0,0,False,False,False,0.0,1,True,False,False,0.05
S-T072.1,130,7,0,0,7,-0.06263394347769945,-0.007759082453454011,0.4270676691729323,0.5540069686411149,0.5540069686411149,,,0.5508333333333333,0,False,False,False,0.0,0,False,False,False,0.0,0,False,False,False,0.0,0,False,False,False,0.1,1,True,False,False,0.09
S-T073.1,96,0,0,0,0,0.3839111671562352,0.3231850591078181,-0.46784508761710486,,,,,,0,False,False,False,0.0,0,False,False,False,0.0,0,False,False,False,0.0,0,False,False,False,0.0,0,False,False,False,0.0
S-T073.2,95,0,0,0,0,-0.03751619000220057,-0.04489846806237623,0.04212110113594513,,,,,0.4927536231884058,0,False,False,False,0.0,0,False,False,False,0.0,0,False,False,False,0.0,0,False,False,False,0.0,0,False,False,False,0.031578947368421054
S-T075.1,120,35,26,0,35,-0.1764265685689807,-0.2034403259185144,0.6365690289629555,0.39697478991596635,0.39697478991596635,0.385024549918167,,0.39726473461413225,0,False,False,False,0.0,1,True,True,False,0.5,1,True,True,False,0.2,1,True,True,False,0.3,1,True,True,False,0.28
S-T077.1,120,0,0,0,0,0.32287448821335907,0.3124550999302144,0.2316660562476982,,,,,,0,False,False,False,0.0,0,False,False,False,0.0,0,False,False,False,0.0,0,False,False,False,0.0,0,False,False,False,0.0
S-T078.1,109,0,0,0,0,0.03787450537189199,0.11353655146935629,-0.5218045112781955,,,,,0.07407407407407407,0,False,False,False,0.0,0,False,False,False,0.0,0,False,False,False,0.0,0,False,False,False,0.0,0,False,False,False,0.0
S-T079.1,120,10,4,0,10,0.05859339125181646,0.0979026253511302,0.11127819548872178,0.5681818181818182,0.5681818181818182,0.7758620689655172,,0.5965965965965966,0,False,False,False,0.0,0,False,False,False,0.0,1,True,True,False,0.2,1,True,True,False,0.2,1,True,True,False,0.08
S-T080.1,120,65,51,0,65,0.1999802068584329,0.20031194245351705,0.2526315789473684,0.5639160839160839,0.5639160839160839,0.7019039499857914,,0.5639160839160839,1,True,True,False,1.0,1,True,True,False,1.0,1,True,True,False,1.0,1,True,True,False,0.8,1,True,True,False,0.56
S-T081.1,110,54,16,0,54,0.3735559247844012,0.3419113999162181,-0.29559987047190067,0.7367724867724867,0.7367724867724867,0.5498670212765957,,0.729559748427673,1,True,False,False,1.0,1,True,False,False,1.0,1,True,False,False,1.0,1,True,True,False,1.0,1,True,True,False,0.53
S-T085.1,120,103,75,0,103,0.4246834355899749,0.704760176430405,0.04738623877793827,0.9377498572244433,0.9377498572244433,0.7525925925925926,,0.9377498572244433,1,True,True,False,1.0,1,True,True,False,1.0,1,True,True,False,1.0,1,True,True,False,1.0,1,True,True,False,0.97
S-T086.1,120,5,0,0,5,-0.05170830139004122,-0.1280596472962354,-0.014291087885409956,0.49043478260869566,0.49043478260869566,,,0.46345029239766083,0,False,False,False,0.0,0,False,False,False,0.0,0,False,False,False,0.0,1,True,False,False,0.1,1,True,False,False,0.05
S-T086.2,120,5,1,0,5,-0.17979885118157035,-0.3063411057885417,-0.6513727425665801,0.1947826086956522,0.1947826086956522,0.09243697478991597,,0.15789473684210528,0,False,False,False,0.0,0,False,False,False,0.0,0,False,False,False,0.0,0,False,False,False,0.0,1,True,False,False,0.03
S-T087.1,120,88,69,0,88,0.4496776560743886,0.4181097620210762,0.21060550567972566,0.7531960227272728,0.7531960227272728,0.818130150610969,,0.7415534656913967,1,True,True,False,1.0,1,True,True,False,1.0,1,True,True,False,1.0,1,True,True,False,1.0,1,True,True,False,0.78
S-T088.1,130,0,0,0,0,0.15230653068544225,0.1586968884703869,-0.21353383458646616,,,,,,0,False,False,False,0.0,0,False,False,False,0.0,0,False,False,False,0.0,0,False,False,False,0.0,0,False,False,False,0.0
S-T089.1,110,46,14,0,46,-0.555890695272765,-0.5412985076891955,0.060150375939849614,0.18512228260869568,0.18512228260869568,0.23139880952380953,,0.17266666666666666,0,False,False,False,0.0,0,False,False,False,0.0,0,False,False,False,0.0,0,False,False,False,0.0,1,True,True,False,0.42
S-T090.1,110,57,38,0,57,-0.03494440049854866,0.0016261419520713027,0.3204212336412969,0.46375372393247266,0.46375372393247266,0.38669590643274854,,0.46375372393247266,1,True,False,False,1.0,1,True,False,False,0.5,1,True,False,False,0.4,1,True,True,False,0.4,1,True,True,False,0.53
S-T091.1,110,91,64,0,91,0.16938706967257053,0.19789241390013088,0.30977443609022554,0.5315211104684788,0.5315211104684788,0.6365489130434782,,0.5315211104684788,0,False,False,False,0.0,1,True,True,False,0.5,1,True,True,False,0.8,1,True,True,False,0.8,1,True,True,False,0.85
S-T092.1,110,72,32,0,72,-0.10634753541809092,-0.13259302531934364,-0.010534239249977987,0.29641812865497075,0.29641812865497075,0.44911858974358976,,0.29641812865497075,1,True,False,False,1.0,1,True,False,False,1.0,1,True,True,False,0.8,1,True,True,False,0.5,1,True,True,False,0.64
S-T093.1,110,77,62,0,77,0.4942248911300191,0.5178261291695755,0.11508086560356438,0.6548602912239276,0.6548602912239276,0.7123655913978495,,0.7835743801652892,1,True,True,False,1.0,1,True,True,False,0.5,1,True,True,False,0.6,1,True,True,False,0.7,1,True,True,False,0.85
S-T094.1,120,37,1,0,37,-0.46161752988210675,-0.4459743653755918,0.32794285884414426,0.16965157929013355,0.16965157929013355,0.9747899159663865,,0.20573870573870573,0,False,False,False,0.0,0,False,False,False,0.0,1,True,True,False,0.2,1,True,True,False,0.2,1,True,True,False,0.27
S-T096.1,155,2,0,0,2,0.0032130481363971046,0.0202314915101778,-0.5022556390977443,0.3104575163398693,0.3104575163398693,,,0.3104575163398693,0,False,False,False,0.0,0,False,False,False,0.0,0,False,False,False,0.0,0,False,False,False,0.0,1,True,False,False,0.01
S-T097.1,150,18,5,0,18,-0.27293560858727917,0.012915578929097058,0.09924812030075188,0.627104377104377,0.627104377104377,0.5172413793103449,,0.627104377104377,0,False,False,False,0.0,0,False,False,False,0.0,0,False,False,False,0.0,0,False,False,False,0.0,1,True,True,False,0.15
S-T098.1,150,0,0,0,0,-0.3480064503346328,-0.3256912022926204,-0.11476094924911759,,,,,,0,False,False,False,0.0,0,False,False,False,0.0,0,False,False,False,0.0,0,False,False,False,0.0,0,False,False,False,0.0
S-T099.1,150,0,0,0,0,0.0525075877168333,0.04110919542893253,0.09864469018175047,,,,,,0,False,False,False,0.0,0,False,False,False,0.0,0,False,False,False,0.0,0,False,False,False,0.0,0,False,False,False,0.0
S-T100.1,138,0,0,0,0,-0.06255872461177903,0.01135287307770131,0.31127819548872177,,,,,,0,False,False,False,0.0,0,False,False,False,0.0,0,False,False,False,0.0,0,False,False,False,0.0,0,False,False,False,0.0
S-T101.1,150,0,0,0,0,-0.0013480361211768703,-0.002147347468868248,0.32505652542789215,,,,,,0,False,False,False,0.0,0,False,False,False,0.0,0,False,False,False,0.0,0,False,False,False,0.0,0,False,False,False,0.0
S-T104.1,170,139,139,65,139,0.4181592348761024,0.29953646320726557,-0.20158724199017758,0.6971455093989325,0.6971455093989325,0.6971455093989325,0.6694505494505495,0.7026190476190476,0,False,False,False,0.0,0,False,False,False,0.0,1,True,True,True,0.6,1,True,True,True,0.7,1,True,True,True,0.92
S-T105.1,169,149,131,22,149,0.01402628981974502,-0.08496818082988454,0.07159023569744849,0.42986577181208047,0.42986577181208047,0.4242667738047408,0.39672232529375384,0.42986577181208047,1,True,True,False,1.0,1,True,True,False,1.0,1,True,True,False,1.0,1,True,True,False,0.8,1,True,True,True,0.88
S-T107.1,139,0,0,0,0,-0.048799562204439734,-0.061547352922437765,-0.08721804511278194,,,,,,0,False,False,False,0.0,0,False,False,False,0.0,0,False,False,False,0.0,0,False,False,False,0.0,0,False,False,False,0.0
S-T110.1,160,131,80,0,131,0.06254784126649554,0.3392466489331645,-0.319826402231276,0.5675177678336405,0.5675177678336405,0.5040625000000001,,0.5675177678336405,1,True,True,False,1.0,1,True,True,False,1.0,1,True,True,False,1.0,1,True,True,False,1.0,1,True,True,False,0.83
S-T113.1,160,2,0,0,2,-0.0214185524434926,-0.031737758074245934,0.10375939849624059,0.7784810126582279,0.7784810126582279,,,0.5032258064516129,0,False,False,False,0.0,0,False,False,False,0.0,0,False,False,False,0.0,1,True,False,False,0.1,1,True,False,False,0.03
S-T116.1,160,0,0,0,0,0.3153070876269479,0.30785666453992566,0.15280401159013304,,,,,0.9622641509433962,0,False,False,False,0.0,0,False,False,False,0.0,0,False,False,False,0.0,0,False,False,False,0.1,0,False,False,False,0.01
S-T117.1,160,0,0,0,0,0.058430295010420935,0.20463149906909406,-0.3367237609528614,,,,,0.4288174512055109,0,False,False,False,0.0,0,False,False,False,0.0,0,False,False,False,0.0,0,False,False,False,0.1,0,False,False,False,0.14
S-T117.2,127,0,0,0,0,0.1469677834554591,0.13310507681950645,0.13040635450595348,,,,,,0,False,False,False,0.0,0,False,False,False,0.0,0,False,False,False,0.0,0,False,False,False,0.0,0,False,False,False,0.0
S-T117.3,160,0,0,0,0,0.04133424686723989,0.2092690724606876,-0.05642955647387399,,,,,0.5163934426229508,0,False,False,False,0.0,0,False,False,False,0.0,0,False,False,False,0.2,0,False,False,False,0.3,0,False,False,False,0.25
S-T117.4,107,3,0,0,3,0.2897357105441355,0.18272180216146708,0.044444523257760236,0.8942307692307693,0.8942307692307693,,,0.8942307692307693,0,False,False,False,0.0,0,False,False,False,0.0,0,False,False,False,0.0,1,True,False,False,0.1,1,True,False,False,0.03
S-T119.1,170,92,1,0,92,0.1859844219020858,0.14003482332708522,-0.04146263961591868,0.6007525083612041,0.6007525083612041,0.23668639053254437,,0.5922452407614782,1,True,False,False,1.0,1,True,False,False,1.0,1,True,False,False,1.0,1,True,False,False,0.6,1,True,False,False,0.64
S-T120.1,150,10,3,0,10,0.23517990940150252,0.13710459673747014,0.4174501987580277,0.6971428571428572,0.6971428571428572,0.7551020408163266,,0.6971428571428572,0,False,False,False,0.0,0,False,False,False,0.0,0,False,False,False,0.0,0,False,False,False,0.0,1,True,True,False,0.1
S-T121.1,170,17,1,0,17,0.15259538837840572,0.15332799836471703,0.027850977481945434,0.5309496347558631,0.5309496347558631,0.7928994082840237,,0.548611111111111,1,True,False,False,1.0,1,True,False,False,0.5,1,True,False,False,0.2,1,True,False,False,0.1,1,True,True,False,0.11
S-T122.1,200,25,5,0,25,-0.3494965624607841,-0.281987189801337,0.36028584721638784,0.5076571428571429,0.5076571428571429,0.7784615384615384,,0.2919493441881502,0,False,False,False,0.0,0,False,False,False,0.0,0,False,False,False,0.0,0,False,False,False,0.3,1,True,True,False,0.55
S-T123.1,190,0,0,0,0,0.1903776246244812,0.10603093232697515,0.03389836519659679,,,,,,0,False,False,False,0.0,0,False,False,False,0.0,0,False,False,False,0.0,0,False,False,False,0.0,0,False,False,False,0.0
S-T124.1,86,0,0,0,0,0.21206702709015718,0.05412164962454736,0.03329618630795035,,,,,,0,False,False,False,0.0,0,False,False,False,0.0,0,False,False,False,0.0,0,False,False,False,0.0,0,False,False,False,0.0
S-T125.1,172,85,78,3,85,0.681540951711677,0.6157941040392263,-0.06466165413533834,0.9092630155510479,0.9092630155510479,0.8964811783960721,0.7080867850098619,0.9092630155510479,1,True,True,False,1.0,1,True,True,False,1.0,1,True,True,False,1.0,1,True,True,True,1.0,1,True,True,True,0.77
S-T125.2,190,175,170,72,175,-0.02580110067460712,0.21782759540179827,-0.28367201408869297,0.7805714285714286,0.7805714285714286,0.7279411764705882,0.45809792843691144,0.7805714285714286,1,True,True,False,1.0,1,True,True,False,1.0,1,True,True,False,1.0,1,True,True,False,1.0,1,True,True,True,0.98
S-T125.3,164,0,0,0,0,0.03033141459816306,0.02327823504626937,-0.6510475611295204,,,,,,0,False,False,False,0.0,0,False,False,False,0.0,0,False,False,False,0.0,0,False,False,False,0.0,0,False,False,False,0.0
S-T125.4,184,0,0,0,0,-0.024357533901589137,0.10386617302817526,-0.07000380826543041,,,,,,0,False,False,False,0.0,0,False,False,False,0.0,0,False,False,False,0.0,0,False,False,False,0.0,0,False,False,False,0.0
S-T131.1,185,6,3,0,6,0.1961473158125326,-0.08569618570382755,-0.6424426782568957,0.20111731843575417,0.20111731843575417,0.29853479853479853,,0.20111731843575417,0,False,False,False,0.0,0,False,False,False,0.0,0,False,False,False,0.0,0,False,False,False,0.0,1,True,True,False,0.01
S-T132.1,189,9,1,0,9,-0.1327279348272509,0.022327135512154945,0.1807230965161841,0.42716049382716054,0.42716049382716054,0.9893617021276596,,0.4350828729281768,0,False,False,False,0.0,0,False,False,False,0.0,1,True,True,False,0.2,1,True,True,False,0.1,1,True,True,False,0.04
S-T133.1,200,86,38,0,86,-0.2942291588587428,-0.1813813778417649,-0.23626793746379202,0.35873113015095875,0.35873113015095875,0.49967511371020146,,0.3564871481028152,0,False,False,False,0.0,0,False,False,False,0.0,0,False,False,False,0.0,0,False,False,False,0.0,1,True,True,False,0.34
S-T136.1,160,157,98,0,157,0.025871667195084956,-0.08907832708269875,0.06922500078556963,0.6284501061571126,0.6284501061571126,0.4507899934167215,,,1,True,True,False,1.0,1,True,True,False,1.0,1,True,True,False,1.0,1,True,True,False,1.0,1,True,True,False,1.0
S-T136.2,160,105,56,0,105,-0.4626314241700657,-0.31742906071432153,0.26355451575276845,0.18493506493506495,0.18493506493506495,0.3447802197802198,,0.8726114649681529,1,True,False,False,1.0,1,True,False,False,1.0,1,True,True,False,1.0,1,True,True,False,1.0,1,True,True,False,1.0
S-T136.3,160,105,21,0,105,0.4664878455251342,0.4300587043216841,0.24349877447166793,0.8434632034632035,0.8434632034632035,0.6101404590613223,,0.4439102564102564,0,False,False,False,0.0,1,True,False,False,0.5,1,True,False,False,0.8,1,True,True,False,0.9,1,True,True,False,0.97
S-T138.1,153,0,0,0,0,0.3744693357795745,0.24122539337484702,-0.6832610273362395,,,,,,0,False,False,False,0.0,0,False,False,False,0.0,0,False,False,False,0.0,0,False,False,False,0.0,0,False,False,False,0.0
S-T138.2,170,0,0,0,0,-0.26943731546336425,-0.2711969521676099,0.143451186561397,,,,,,0,False,False,False,0.0,0,False,False,False,0.0,0,False,False,False,0.0,0,False,False,False,0.0,0,False,False,False,0.0
S-T140.1,180,155,135,0,155,-0.0310880829081361,0.23501036897515706,0.46385594772487243,0.512258064516129,0.512258064516129,0.5078189300411523,,0.5174825174825175,0,False,False,False,0.0,0,False,False,False,0.0,1,True,True,False,0.2,1,True,True,False,0.4,1,True,True,False,0.87
S-T141.1,179,23,0,0,23,0.3066506198198571,0.23435784444690083,0.1975740932544448,0.7034559643255296,0.7034559643255296,,,0.7034559643255296,0,False,False,False,0.0,0,False,False,False,0.0,0,False,False,False,0.0,0,False,False,False,0.0,1,True,False,False,0.19
S-T142.1,166,45,41,0,45,0.10187103114806241,0.1880209781005865,0.6918183964978223,0.6238751147842057,0.6238751147842057,0.6226341463414634,,0.6238751147842057,0,False,False,False,0.0,0,False,False,False,0.0,0,False,False,False,0.0,0,False,False,False,0.0,1,True,True,False,0.34
S-T143.1,176,115,86,18,115,0.0452271151514648,0.04828728379189405,0.6098760024378931,0.41853171774768355,0.41853171774768355,0.5175710594315246,0.4750351617440225,0.41853171774768355,0,False,False,False,0.0,0,False,False,False,0.0,0,False,False,False,0.0,1,True,True,True,0.1,1,True,True,True,0.64
S-T144.1,154,126,77,0,126,-0.5565052670633163,-0.6729537391860776,0.08977795985086243,0.08928571428571426,0.08928571428571426,0.21875527070332262,,0.08376024590163934,0,False,False,False,0.0,0,False,False,False,0.0,0,False,False,False,0.0,0,False,False,False,0.0,1,True,True,False,0.7
S-T146.1,171,12,2,0,12,0.17769292046125695,0.047844861571340776,0.178860262859197,0.5754716981132076,0.5754716981132076,0.136094674556213,,0.46176470588235297,0,False,False,False,0.0,0,False,False,False,0.0,0,False,False,False,0.0,0,False,False,False,0.0,1,True,False,False,0.33
S-T146.2,132,0,0,0,0,0.0005035818281128538,0.07870205702376036,-0.11065118080664808,,,,,,0,False,False,False,0.0,0,False,False,False,0.0,0,False,False,False,0.0,0,False,False,False,0.0,0,False,False,False,0.0
S-T146.3,173,7,0,0,7,0.17145986181258413,0.07103284042015678,0.26933387955258725,0.6419965576592083,0.6419965576592083,,,0.6419965576592083,0,False,False,False,0.0,0,False,False,False,0.0,1,True,False,False,0.2,1,True,False,False,0.1,1,True,False,False,0.05
S-T151.1,160,95,88,55,95,0.7455741883800566,0.6543283432630296,-0.16600215609224594,0.9360323886639677,0.9360323886639677,0.9097222222222222,0.863030303030303,0.9086823944792168,1,True,True,False,1.0,1,True,True,False,0.5,1,True,True,False,0.8,1,True,True,True,0.7,1,True,True,True,0.86
S-T151.2,160,1,0,0,1,0.27509274295101155,0.0958122066307386,-0.25743335942771184,0.3836477987421384,0.3836477987421384,,,0.7006369426751593,0,False,False,False,0.0,0,False,False,False,0.5,0,False,False,False,0.2,0,False,False,False,0.1,1,True,False,False,0.03
S-T151.3,160,2,0,0,2,0.36533811592142235,0.4251074913081351,0.09121780715502112,0.430379746835443,0.430379746835443,,,0.732484076433121,0,False,False,False,0.0,0,False,False,False,0.0,0,False,False,False,0.0,0,False,False,False,0.0,1,True,False,False,0.03
S-T151.4,67,0,0,0,0,0.5659295168599652,0.5410735634339472,0.7497182046491258,,,,,,0,False,False,False,0.0,0,False,False,False,0.0,0,False,False,False,0.0,0,False,False,False,0.0,0,False,False,False,0.0
S-T151.5,134,0,0,0,0,-0.1246799531438495,0.06630196897413256,0.05344376760048989,,,,,,0,False,False,False,0.0,0,False,False,False,0.0,0,False,False,False,0.0,0,False,False,False,0.0,0,False,False,False,0.0
S-T152.1,169,153,143,25,153,0.13062968432596322,0.15475780244742057,-0.4442776122689525,0.5044934640522876,0.5044934640522876,0.6013986013986014,0.5655555555555556,0.47012987012987006,1,True,True,False,1.0,1,True,True,False,1.0,1,True,True,True,1.0,1,True,True,True,1.0,1,True,True,True,0.88
S-T153.1,178,112,101,18,112,-0.28328668869013185,-0.1517523570210289,-0.06777116119356902,0.4352002164502165,0.4352002164502165,0.47781921049247783,0.24166666666666667,0.4352002164502165,0,False,False,False,0.0,0,False,False,False,0.0,0,False,False,False,0.0,1,True,True,False,0.2,1,True,True,True,0.56
S-T154.1,166,1,0,0,1,-0.052988976356653936,-0.09169210528769432,-0.49472947671305384,0.593939393939394,0.593939393939394,,,0.593939393939394,0,False,False,False,0.0,0,False,False,False,0.0,0,False,False,False,0.0,0,False,False,False,0.0,1,True,False,False,0.01
S-T158.1,158,122,76,0,122,-0.224629275587429,-0.03612864185346652,0.2093375867979132,0.3932149362477232,0.3932149362477232,0.4407894736842105,,0.450147019513499,1,True,False,False,1.0,1,True,False,False,1.0,1,True,False,False,0.8,1,True,True,False,0.7,1,True,True,False,0.82
S-T159.1,150,146,122,0,146,0.42931733655972576,0.210343743002327,-0.00978916772795997,0.7089041095890412,0.7089041095890412,0.507903981264637,,0.7606278613472859,1,True,True,False,1.0,1,True,True,False,1.0,1,True,True,False,1.0,1,True,True,False,1.0,1,True,True,False,0.97
S-T159.2,115,0,0,0,0,-0.18364301803130093,-0.4401953382951415,-0.6446004223499955,,,,,,0,False,False,False,0.0,0,False,False,False,0.0,0,False,False,False,0.0,0,False,False,False,0.0,0,False,False,False,0.0
S-T159.3,99,0,0,0,0,0.15922200207619883,0.14335317163373248,0.41739801639565327,,,,,,0,False,False,False,0.0,0,False,False,False,0.0,0,False,False,False,0.0,0,False,False,False,0.0,0,False,False,False,0.0
S-T159.4,83,0,0,0,0,0.4713666568583547,0.36440212239666675,0.32779792786267187,,,,,,0,False,False,False,0.0,0,False,False,False,0.0,0,False,False,False,0.0,0,False,False,False,0.0,0,False,False,False,0.0
S-T159.5,83,0,0,0,0,0.25639558728942946,0.1794700951783364,0.0015117369579174466,,,,,,0,False,False,False,0.0,0,False,False,False,0.0,0,False,False,False,0.0,0,False,False,False,0.0,0,False,False,False,0.0
S-T159.6,114,108,42,0,108,0.019038907619089204,0.009778251885902988,-0.07775949300975836,0.43827160493827166,0.43827160493827166,0.43419312169312163,,0.43827160493827166,0,False,False,False,0.0,1,True,False,False,0.5,1,True,False,False,0.8,1,True,True,False,0.8,1,True,True,False,0.95
S-T159.7,141,78,9,0,78,0.43929753157650014,0.2357181142399549,0.1280120844859396,0.8278388278388278,0.8278388278388278,0.7407407407407407,,0.743353344768439,0,False,False,False,0.0,1,True,False,False,0.5,1,True,False,False,0.4,1,True,False,False,0.6,1,True,True,False,0.75
S-T164.1,169,140,10,0,140,0.472004619855085,0.36365315050420666,-0.4708106277305109,0.6049261083743842,0.6049261083743842,0.4748427672955975,,0.6335263835263836,1,True,False,False,1.0,1,True,False,False,1.0,1,True,False,False,1.0,1,True,False,False,1.0,1,True,True,False,0.92
S-T165.1,182,0,0,0,0,-0.17902955915740165,0.10941489625629028,-0.47144372886029695,,,,,,0,False,False,False,0.0,0,False,False,False,0.0,0,False,False,False,0.0,0,False,False,False,0.0,0,False,False,False,0.0
S-T166.1,190,89,76,3,89,0.010857346319244952,0.0036903293884134815,-0.42188871491201657,0.4867059739681834,0.4867059739681834,0.5045013850415513,0.5276292335115864,0.42274150268336314,0,False,False,False,0.0,0,False,False,False,0.0,0,False,False,False,0.0,0,False,False,False,0.0,1,True,True,True,0.52
S-T169.1,188,0,0,0,0,0.033097484208719524,-0.20298163656008725,-0.7688900704244237,,,,,0.39572192513368987,0,False,False,False,0.0,0,False,False,False,0.0,0,False,False,False,0.0,0,False,False,False,0.0,0,False,False,False,0.0
S-T176.1,185,14,0,0,14,0.27191468249991657,0.13225025787037395,-0.5235817780113529,0.43901420217209697,0.43901420217209697,,,0.42117647058823526,0,False,False,False,0.0,0,False,False,False,0.0,0,False,False,False,0.0,0,False,False,False,0.0,1,True,False,False,0.1
S-T180.1,171,10,0,0,10,0.18673004640593976,0.11547460613683956,0.5545109284906209,0.4708074534161491,0.4708074534161491,,,0.4708074534161491,0,False,False,False,0.0,0,False,False,False,0.0,0,False,False,False,0.0,0,False,False,False,0.0,1,True,False,False,0.08
S-T180.2,172,135,65,0,135,-0.18222255522854253,-0.0224468209214751,-0.13929165067028063,0.5673673673673674,0.5673673673673674,0.4884255930984904,,0.4488916256157635,1,True,True,False,1.0,1,True,True,False,1.0,1,True,True,False,1.0,1,True,True,False,1.0,1,True,True,False,0.64
