target,n_decoys,n_fnat_gt_0.3,max_fnat,best_model_id,best_dockq,tradock_top1_model_id,tradock_top1_fnat,tradock_top1_dockq,tradock_top1_success
S-T025.1,60,20,0.9231,376,0.8286,340,0.1731,0.1072,False
S-T026.1,65,14,0.5484,363,0.7067,393,0.5054,0.6096,True
S-T029.1,145,27,0.7959,452,0.7571,438,0.0,0.0109,False
S-T032.1,120,2,0.4706,449,0.4577,401,0.0,0.0193,False
S-T037.1,110,22,0.9388,444,0.9033,415,0.0,0.0126,False
S-T037.2,110,9,0.6735,405,0.7031,401,0.0204,0.1384,False
S-T040.1,150,59,0.9219,381,0.8416,378,0.8594,0.7056,True
S-T040.2,150,44,0.9452,511,0.899,448,0.0,0.0383,False
S-T041.1,130,73,0.9492,376,0.9255,408,0.0,0.0018,False
S-T046.1,160,27,0.5362,453,0.3627,514,0.4203,0.2212,True
S-T047.1,128,101,0.9286,339,0.7449,401,0.8393,0.8349,True
S-T050.1,140,26,0.7347,369,0.5264,411,0.6735,0.5834,True
S-T053.1,130,25,0.7692,394,0.7518,483,0.1538,0.1189,False
S-T054.1,130,1,0.32,480,0.1639,480,0.32,0.1639,True
S-T069.1,132,74,0.6482,277,0.5979,375,0.5075,0.5509,True
S-T070.2,130,25,0.75,252,0.6272,351,0.3333,0.4157,True
S-T071.3,131,5,0.625,303,0.4911,328,0.0,0.0812,False
S-T072.1,130,10,0.6316,310,0.3983,268,0.4211,0.2632,True
S-T073.2,110,3,0.75,272,0.2844,327,0.0,0.0247,False
S-T075.1,120,33,0.5479,263,0.5303,260,0.411,0.3237,True
S-T078.1,110,42,0.4464,258,0.2268,260,0.0,0.0243,False
S-T079.1,120,6,0.7451,322,0.5941,318,0.0,0.0156,False
S-T080.1,120,64,0.8125,271,0.7872,375,0.6875,0.6871,True
S-T081.1,110,41,0.7917,243,0.685,247,0.3125,0.3453,True
S-T085.1,120,103,0.7927,286,0.7163,358,0.0109,0.0145,False
S-T086.1,120,4,0.5714,328,0.2544,282,0.0,0.0268,False
S-T086.2,120,9,1.0,275,0.8141,282,0.0,0.0258,False
S-T087.1,120,82,0.6538,266,0.6141,257,0.0458,0.0709,False
S-T089.1,110,51,0.7925,287,0.6801,279,0.0,0.0114,False
S-T090.1,110,54,0.7516,255,0.585,279,0.5541,0.5376,True
S-T091.1,110,88,0.7955,352,0.6107,280,0.7273,0.5955,True
S-T092.1,110,63,0.5203,246,0.5183,264,0.3577,0.4666,True
S-T093.1,110,86,0.7363,287,0.6827,313,0.0,0.0121,False
S-T094.1,120,42,0.7083,220,0.5109,240,0.0,0.0195,False
S-T096.1,155,1,0.32,386,0.3634,381,0.0182,0.0607,False
S-T097.1,150,12,0.5488,367,0.5528,363,0.0366,0.0418,False
S-T104.1,170,140,0.8167,410,0.8433,363,0.65,0.6977,True
S-T105.1,169,149,0.9259,486,0.8891,424,0.4815,0.4391,True
S-T110.1,160,97,0.5584,347,0.5821,325,0.026,0.0512,False
S-T116.1,160,29,0.6495,388,0.231,422,0.2165,0.0825,False
S-T117.1,160,60,0.7803,358,0.278,399,0.0,0.0137,False
S-T117.3,160,65,0.811,358,0.2886,258,0.0,0.0178,False
S-T117.4,160,1,0.3111,297,0.3238,343,0.0,0.0097,False
S-T119.1,170,91,0.8214,311,0.4809,331,0.6117,0.4741,True
S-T120.1,150,7,0.3611,319,0.4403,298,0.0139,0.0468,False
S-T121.1,170,9,0.386,387,0.4195,486,0.0,0.0499,False
S-T122.1,200,16,0.4146,2543,0.2502,2390,0.0,0.1923,False
S-T125.1,190,82,0.7419,2179,0.8124,2048,0.0,0.0263,False
S-T125.2,190,170,0.9737,2195,0.8878,2135,0.1316,0.3103,False
S-T131.1,185,5,0.549,2275,0.5695,2302,0.0,0.0194,False
S-T132.1,189,2,0.5079,2373,0.5527,2300,0.2687,0.2639,False
S-T133.1,200,83,0.8491,2652,0.7713,2600,0.3208,0.3221,True
S-T136.1,160,117,0.7226,331,0.6884,444,0.6006,0.6555,True
S-T136.2,160,57,0.549,299,0.6272,329,0.4118,0.5442,True
S-T136.3,160,41,0.5778,299,0.6028,416,0.0,0.2657,False
S-T140.1,180,150,0.804,1827,0.7175,1747,0.0,0.0497,False
S-T141.1,179,16,0.4779,1766,0.3875,1797,0.0284,0.0359,False
S-T142.1,166,43,0.8095,1746,0.7577,1832,0.0,0.0168,False
S-T143.1,176,109,0.9275,1832,0.5941,1959,0.3478,0.4255,True
S-T144.1,154,119,0.565,1785,0.5754,1711,0.122,0.1863,False
S-T146.1,180,44,0.871,1801,0.4043,1911,0.7419,0.3813,True
S-T146.3,180,6,0.8222,1804,0.583,1915,0.0,0.0199,False
S-T151.1,160,91,0.9583,400,0.9036,342,0.925,0.9026,True
S-T151.2,160,4,0.6905,1211,0.3769,1214,0.0,0.0074,False
S-T151.3,160,80,0.5349,1373,0.2358,1403,0.0,0.0031,False
S-T152.1,169,148,0.7857,1942,0.8578,1990,0.0,0.0248,False
S-T153.1,178,112,0.9111,2140,0.842,2106,0.7556,0.5854,True
S-T158.1,158,120,0.7273,1393,0.6309,1426,0.5455,0.6116,True
S-T159.1,150,125,0.7647,1058,0.7474,1063,0.2525,0.3572,False
S-T159.6,114,103,0.8462,749,0.6579,827,0.2821,0.3596,False
S-T159.7,143,9,0.6875,927,0.6544,1009,0.1562,0.3741,False
S-T164.1,169,145,0.6522,1750,0.4718,1644,0.5739,0.4595,True
S-T166.1,190,95,0.9074,1393,0.6436,1520,0.6667,0.5646,True
S-T176.1,185,4,0.6786,1641,0.4281,1480,0.0,0.0484,False
S-T180.1,171,10,0.4655,988,0.422,985,0.0291,0.0772,False
S-T180.2,172,94,0.525,893,0.3652,907,0.0,0.0178,False
