target,in_tradock,in_bioscore,tradock_spearman,bioscore_spearman,delta_spearman,tradock_pearson,bioscore_pearson,delta_pearson,tradock_top20_spearman,bioscore_top20_spearman,delta_top20_spearman,tradock_auc_pos,bioscore_auc_pos,delta_auc_pos,tradock_auc_any,bioscore_auc_any,delta_auc_any,tradock_auc_med,bioscore_auc_med,delta_auc_med,tradock_auc_high,bioscore_auc_high,delta_auc_high,tradock_auc_dockq,bioscore_auc_dockq,delta_auc_dockq,tradock_success@1,bioscore_success@1,delta_success@1,tradock_success@2,bioscore_success@2,delta_success@2,tradock_success@5,bioscore_success@5,delta_success@5,tradock_success@10,bioscore_success@10,delta_success@10,tradock_success@100,bioscore_success@100,delta_success@100,tradock_success_any@1,bioscore_success_any@1,delta_success_any@1,tradock_success_any@2,bioscore_success_any@2,delta_success_any@2,tradock_success_any@5,bioscore_success_any@5,delta_success_any@5,tradock_success_any@10,bioscore_success_any@10,delta_success_any@10,tradock_success_any@100,bioscore_success_any@100,delta_success_any@100,tradock_hitrate@1,bioscore_hitrate@1,delta_hitrate@1,tradock_hitrate@2,bioscore_hitrate@2,delta_hitrate@2,tradock_hitrate@5,bioscore_hitrate@5,delta_hitrate@5,tradock_hitrate@10,bioscore_hitrate@10,delta_hitrate@10,tradock_hitrate@100,bioscore_hitrate@100,delta_hitrate@100
S-T024.1,1,1,0.25471052279723777,-0.1723840653122437,0.4270945881094815,0.2666425045895136,0.030166063514607915,0.2364764410749057,0.25471052279723777,-0.1723840653122437,0.4270945881094815,0.0,,,0.0,,,0.0,,,0.0,,,0.0,,,0.0,0.0,0.0,0.0,0.0,0.0,0.0,0.0,0.0,0.0,0.0,0.0,0.0,0.0,0.0,0.0,0.0,0.0,0.0,0.0,0.0,0.0,0.0,0.0,0.0,0.0,0.0,0.0,0.0,0.0,0.0,0.0,0.0,0.0,0.0,0.0,0.0,0.0,0.0,0.0,0.0,0.0,0.0,0.0,0.0
S-T025.1,1,1,0.6304906864084374,-0.3748250155113312,1.0053157019197685,0.5310596203566692,-0.26932754472125775,0.800387165077927,0.5217108023041674,-0.13439149466011838,0.6561022969642858,0.7875,0.3539473684210527,0.4335526315789473,0.812200956937799,0.3307593307593307,0.4814416261784683,0.7654320987654322,0.3237179487179487,0.4417141500474835,0.0,,,0.812200956937799,0.3307593307593307,0.4814416261784683,0.0,0.0,0.0,0.0,0.0,0.0,1.0,0.0,1.0,1.0,0.0,1.0,1.0,1.0,0.0,0.0,0.0,0.0,1.0,0.0,1.0,1.0,0.0,1.0,1.0,0.0,1.0,1.0,1.0,0.0,0.0,0.0,0.0,0.5,0.0,0.5,0.8,0.0,0.8,0.8,0.0,0.8,0.36666666666666664,0.3620689655172414,0.0045977011494252595
S-T026.1,1,1,0.14969732733747929,-0.049848117322159165,0.19954544465963844,0.1583146833344786,0.02855813725954229,0.1297565460749363,0.26165413533834586,-0.29624060150375936,0.5578947368421052,0.5896358543417367,0.3599439775910364,0.2296918767507003,0.5532544378698224,0.47534516765286,0.07790927021696242,0.5896358543417367,0.3599439775910364,0.2296918767507003,0.652542372881356,0.288135593220339,0.364406779661017,0.5990476190476192,0.5,0.09904761904761916,1.0,1.0,0.0,1.0,1.0,0.0,1.0,1.0,0.0,1.0,1.0,0.0,1.0,1.0,0.0,1.0,1.0,0.0,1.0,1.0,0.0,1.0,1.0,0.0,1.0,1.0,0.0,1.0,1.0,0.0,1.0,1.0,0.0,1.0,0.5,0.5,0.6,0.4,0.19999999999999996,0.4,0.5,-0.09999999999999998,0.5384615384615384,0.5384615384615384,0.0
S-T029.1,1,1,0.5447285157653458,-0.594313824213578,1.1390423399789238,0.45322433054818384,-0.5051748804343104,0.9583992109824941,0.3377209716078458,0.25799174445766393,0.07972922715018188,0.856873822975518,0.11334610472541506,0.7435277182501029,0.8493408662900188,0.1028097062579821,0.7465311600320367,0.8898582333696837,0.1733111849390919,0.7165470484305918,0.9027777777777778,0.10563380281690138,0.7971439749608764,0.8501221001221001,0.103416149068323,0.7467059510537771,0.0,0.0,0.0,1.0,0.0,1.0,1.0,0.0,1.0,1.0,0.0,1.0,1.0,1.0,0.0,0.0,0.0,0.0,1.0,0.0,1.0,1.0,0.0,1.0,1.0,0.0,1.0,1.0,1.0,0.0,0.0,0.0,0.0,0.5,0.0,0.5,0.6,0.0,0.6,0.4,0.0,0.4,0.28,0.04,0.24000000000000002
S-T030.1,1,1,0.27360789765691534,-0.4038091765008692,0.6774170741577845,0.3660366988463863,-0.56958588321817,0.9356225820645563,-0.267870655213726,0.1572611430889571,-0.4251317983026831,0.0,,,0.0,,,0.0,,,0.0,,,0.0,,,0.0,0.0,0.0,0.0,0.0,0.0,0.0,0.0,0.0,0.0,0.0,0.0,0.0,0.0,0.0,0.0,0.0,0.0,0.0,0.0,0.0,0.0,0.0,0.0,0.0,0.0,0.0,0.0,0.0,0.0,0.0,0.0,0.0,0.0,0.0,0.0,0.0,0.0,0.0,0.0,0.0,0.0,0.0,0.0,0.0
S-T032.1,1,1,0.05073950994250592,-0.04491225396878019,0.0956517639112861,0.05200952484562667,-0.35188940704492766,0.4038989318905543,0.3689763220538758,-0.5948801926991059,0.9638565147529816,0.47457627118644063,0.0,0.47457627118644063,0.47457627118644063,0.0,0.47457627118644063,0.0,,,0.0,,,0.47457627118644063,0.0,0.47457627118644063,0.0,0.0,0.0,0.0,0.0,0.0,0.0,0.0,0.0,0.0,0.0,0.0,1.0,0.0,1.0,0.0,0.0,0.0,0.0,0.0,0.0,0.0,0.0,0.0,0.0,0.0,0.0,1.0,0.0,1.0,0.0,0.0,0.0,0.0,0.0,0.0,0.0,0.0,0.0,0.0,0.0,0.0,0.02,0.0,0.02
S-T035.1,1,1,-0.46789499185119604,0.18638707288027004,-0.6542820647314661,-0.20386025091610202,0.10407425001210638,-0.3079345009282084,0.0474577112752355,0.19435062712715492,-0.14689291585191944,0.0,,,0.27,0.36363636363636365,-0.09363636363636363,0.0,,,0.0,,,0.0,,,0.0,0.0,0.0,0.0,0.0,0.0,0.0,0.0,0.0,0.0,0.0,0.0,0.0,0.0,0.0,0.0,0.0,0.0,0.0,0.0,0.0,0.0,0.0,0.0,0.0,0.0,0.0,1.0,1.0,0.0,0.0,0.0,0.0,0.0,0.0,0.0,0.0,0.0,0.0,0.0,0.0,0.0,0.0,0.0,0.0
S-T036.1,1,1,-0.03995240505910563,-0.1291770983997315,0.08922469334062585,-0.004323861625481158,-0.22912437076526154,0.2248005091397804,0.22799103519595215,-0.33107609071359384,0.559067125909546,0.0,,,0.0,,,0.0,,,0.0,,,0.0,,,0.0,0.0,0.0,0.0,0.0,0.0,0.0,0.0,0.0,0.0,0.0,0.0,0.0,0.0,0.0,0.0,0.0,0.0,0.0,0.0,0.0,0.0,0.0,0.0,0.0,0.0,0.0,0.0,0.0,0.0,0.0,0.0,0.0,0.0,0.0,0.0,0.0,0.0,0.0,0.0,0.0,0.0,0.0,0.0,0.0
S-T037.1,1,1,-0.1272271514735852,0.004133207918286754,-0.13136035939187196,0.01692245394688358,0.03078150021722819,-0.013859046270344611,-0.13845000157113926,0.05116630492846451,-0.18961630649960376,0.5320247933884298,0.44775339602925807,0.08427139735917172,0.4578754578754579,0.48656163113994433,-0.028686173264486414,0.5375438596491229,0.42978723404255315,0.10775662560656973,0.5733333333333334,0.6519230769230769,-0.07858974358974358,0.4578754578754579,0.48656163113994433,-0.028686173264486414,0.0,0.0,0.0,0.0,0.0,0.0,0.0,0.0,0.0,1.0,0.0,1.0,1.0,1.0,0.0,0.0,0.0,0.0,0.0,0.0,0.0,0.0,0.0,0.0,1.0,1.0,0.0,1.0,1.0,0.0,0.0,0.0,0.0,0.0,0.0,0.0,0.0,0.0,0.0,0.1,0.1,0.0,0.25,0.25,0.0
S-T037.2,1,1,0.1523826698912919,0.00025021488366972053,0.15213245500762218,0.1654299841645023,-0.010285225351846075,0.1757152095163484,0.027830013250535177,-0.09556057185854024,0.12339058510907541,0.5907590759075907,0.2899999999999999,0.30075907590759077,0.5730027548209367,0.3923933209647496,0.18060943385618705,0.5866666666666667,0.2634615384615384,0.32320512820512826,0.0,,,0.5730027548209367,0.3923933209647496,0.18060943385618705,0.0,0.0,0.0,0.0,0.0,0.0,0.0,0.0,0.0,1.0,0.0,1.0,1.0,1.0,0.0,0.0,0.0,0.0,0.0,0.0,0.0,0.0,0.0,0.0,1.0,0.0,1.0,1.0,1.0,0.0,0.0,0.0,0.0,0.0,0.0,0.0,0.0,0.0,0.0,0.1,0.0,0.1,0.11,0.11,0.0
S-T038.1,1,1,0.2623801133825424,0.08006130156794448,0.18231881181459791,0.2700615355924717,0.06698627197096507,0.20307526362150663,0.5581045900512729,-0.4039112733929024,0.9620158634441753,0.0,,,0.0,,,0.0,,,0.0,,,0.0,,,0.0,0.0,0.0,0.0,0.0,0.0,0.0,0.0,0.0,0.0,0.0,0.0,0.0,0.0,0.0,0.0,0.0,0.0,0.0,0.0,0.0,0.0,0.0,0.0,0.0,0.0,0.0,0.0,0.0,0.0,0.0,0.0,0.0,0.0,0.0,0.0,0.0,0.0,0.0,0.0,0.0,0.0,0.0,0.0,0.0
S-T039.1,1,1,-0.00652100293898298,0.08974276518790646,-0.09626376812688944,0.07742684974919171,0.04316956675563609,0.03425728299355563,0.08587585849804519,0.18907754809657318,-0.10320168959852799,0.0,,,0.0,,,0.0,,,0.0,,,0.0,,,0.0,0.0,0.0,0.0,0.0,0.0,0.0,0.0,0.0,0.0,0.0,0.0,0.0,0.0,0.0,0.0,0.0,0.0,0.0,0.0,0.0,0.0,0.0,0.0,0.0,0.0,0.0,0.0,0.0,0.0,0.0,0.0,0.0,0.0,0.0,0.0,0.0,0.0,0.0,0.0,0.0,0.0,0.0,0.0,0.0
S-T040.1,1,1,0.11601966346057788,0.241852306708739,-0.12583264324816112,0.20745315003832573,0.2413635043304163,-0.03391035429209058,-0.2910868953501923,0.011282437804271019,-0.3023693331544633,0.6060718942074874,0.6013182674199624,0.0047536267875250005,0.6291229385307348,0.5985221674876848,0.030600771043049924,0.6557274247491639,0.6084845926551287,0.047242832094035236,0.48734431498593817,0.5068825910931174,-0.01953827610717923,0.617247159620041,0.5896421845574388,0.027604975062602177,1.0,0.0,1.0,1.0,0.0,1.0,1.0,1.0,0.0,1.0,1.0,0.0,1.0,1.0,0.0,1.0,0.0,1.0,1.0,0.0,1.0,1.0,1.0,0.0,1.0,1.0,0.0,1.0,1.0,0.0,1.0,0.0,1.0,1.0,0.0,1.0,0.8,0.2,0.6000000000000001,0.8,0.5,0.30000000000000004,0.42,0.46,-0.040000000000000036
S-T040.2,1,1,-0.30423539353426576,0.01721241892123173,-0.3214478124554975,-0.4201791316572014,0.05431971312483249,-0.47449884478203386,0.018065488671284456,-0.10609483816049259,0.12416032683177705,0.2317753001715266,0.4989030276437034,-0.26712772747217683,0.21864811997391873,0.5224744103248776,-0.30382629035095887,0.20204545454545456,0.5531468531468531,-0.35110139860139855,0.25994318181818177,0.5962777380100215,-0.3363345561918397,0.2188654640295588,0.5220293724966623,-0.30316390846710345,0.0,0.0,0.0,1.0,0.0,1.0,1.0,1.0,0.0,1.0,1.0,0.0,1.0,1.0,0.0,0.0,0.0,0.0,0.0,0.0,0.0,0.0,1.0,-1.0,1.0,1.0,0.0,1.0,1.0,0.0,0.0,0.0,0.0,0.0,0.0,0.0,0.0,0.2,-0.2,0.1,0.2,-0.1,0.16,0.28,-0.12000000000000002
S-T041.1,1,1,0.12474337571773493,-0.16509220651543677,0.2898355822331717,-0.28147376063955587,-0.06287662118613908,-0.2185971394534168,-0.10676691729323308,0.08421052631578946,-0.19097744360902252,0.6279740447007931,0.3716497915425849,0.2563242531582082,0.6180019305019305,0.3717717717717718,0.24623015873015874,0.5472727272727272,0.33333333333333337,0.21393939393939387,0.5625,0.7905982905982906,-0.22809829059829057,0.6279740447007931,0.3716497915425849,0.2563242531582082,0.0,0.0,0.0,0.0,0.0,0.0,0.0,0.0,0.0,0.0,1.0,-1.0,1.0,1.0,0.0,0.0,0.0,0.0,0.0,0.0,0.0,0.0,0.0,0.0,0.0,1.0,-1.0,1.0,1.0,0.0,0.0,0.0,0.0,0.0,0.0,0.0,0.0,0.0,0.0,0.0,0.3,-0.3,0.63,0.61,0.020000000000000018
S-T046.1,1,1,0.377935522667615,0.13642468529318116,0.24151083737443382,0.3331494705208794,0.15783977944026406,0.17530969108061534,0.5836214908554579,-0.16534683893576363,0.7489683297912215,0.7399053188526873,0.5873842592592593,0.152521059593428,0.7560763888888888,0.5184352517985611,0.23764113709032775,0.0,,,0.0,,,0.7114624505928854,0.5386192754613808,0.1728431751315046,1.0,0.0,1.0,1.0,0.0,1.0,1.0,0.0,1.0,1.0,0.0,1.0,1.0,1.0,0.0,0.0,0.0,0.0,0.0,0.0,0.0,1.0,0.0,1.0,1.0,0.0,1.0,1.0,1.0,0.0,0.0,0.0,0.0,0.0,0.0,0.0,0.2,0.0,0.2,0.2,0.0,0.2,0.19,0.19,0.0
S-T047.1,1,1,0.3046422429204176,-0.15337358397159304,0.4580158268920106,0.529054919132913,0.017929539127980308,0.5111253800049327,0.01880406300711836,0.17374954218577365,-0.15494547917865528,0.8265493215988265,0.4407774110744408,0.38577191052438575,0.8265493215988265,0.4407774110744408,0.38577191052438575,0.8265493215988265,0.4407774110744408,0.38577191052438575,0.6732600732600733,0.46495726495726497,0.20830280830280834,0.8265493215988265,0.4407774110744408,0.38577191052438575,1.0,0.0,1.0,1.0,1.0,0.0,1.0,1.0,0.0,1.0,1.0,0.0,1.0,1.0,0.0,1.0,0.0,1.0,1.0,1.0,0.0,1.0,1.0,0.0,1.0,1.0,0.0,1.0,1.0,0.0,1.0,0.0,1.0,1.0,0.5,0.5,1.0,0.2,0.8,1.0,0.2,0.8,0.9,0.83,0.07000000000000006
S-T050.1,1,1,-0.07770351174104458,0.13217222285070931,-0.2098757345917539,-0.08250542123291467,0.08470799553136521,-0.16721341676427987,0.2776524488029912,-0.1708051649817859,0.4484576137847771,0.47621457489878544,0.5020422055820286,-0.025827630683243175,0.4292517006802721,0.6071428571428571,-0.17789115646258502,0.6278344671201814,0.32,0.3078344671201814,0.0,,,0.4292517006802721,0.6071428571428571,-0.17789115646258502,1.0,0.0,1.0,1.0,0.0,1.0,1.0,0.0,1.0,1.0,0.0,1.0,1.0,1.0,0.0,1.0,0.0,1.0,1.0,0.0,1.0,1.0,1.0,0.0,1.0,1.0,0.0,1.0,1.0,0.0,1.0,0.0,1.0,0.5,0.0,0.5,0.2,0.2,0.0,0.2,0.3,-0.09999999999999998,0.22,0.26,-0.04000000000000001
S-T053.1,1,1,0.21014292874731205,-0.017601560782412012,0.22774448952972406,0.24703656307812458,0.07750706260250996,0.1695295004756146,0.524530692064135,0.4988701977761055,0.02566049428802958,0.6777142857142857,0.46640000000000004,0.21131428571428568,0.6687643020594966,0.5193488943488944,0.14941540771060213,0.777120315581854,0.5728021978021979,0.20431811777965614,0.0,,,0.6605555555555556,0.5137149672033392,0.14684058835221636,0.0,0.0,0.0,1.0,0.0,1.0,1.0,1.0,0.0,1.0,1.0,0.0,1.0,1.0,0.0,0.0,0.0,0.0,1.0,0.0,1.0,1.0,1.0,0.0,1.0,1.0,0.0,1.0,1.0,0.0,0.0,0.0,0.0,0.5,0.0,0.5,0.6,0.4,0.19999999999999996,0.6,0.3,0.3,0.35,0.33,0.019999999999999962
S-T054.1,1,1,-0.027969048365387175,-0.16791826964047107,0.1399492212750839,-0.02868759648054827,-0.13832585517833845,0.10963825869779018,0.17293233082706763,0.08349003975160553,0.0894422910754621,1.0,0.07317073170731703,0.926829268292683,0.0,,,0.0,,,0.0,,,0.0,,,1.0,0.0,1.0,1.0,0.0,1.0,1.0,0.0,1.0,1.0,0.0,1.0,1.0,0.0,1.0,0.0,0.0,0.0,0.0,0.0,0.0,0.0,0.0,0.0,0.0,0.0,0.0,0.0,0.0,0.0,0.0,0.0,0.0,0.0,0.0,0.0,0.0,0.0,0.0,0.0,0.0,0.0,0.0,0.0,0.0
S-T068.1,1,1,0.10565621357751467,-0.20899214473443037,0.31464835831194504,0.19177214086251976,-0.08402893970493937,0.2758010805674591,0.08358436104670174,-0.48795194556993443,0.5715363066166361,0.0,,,0.0,,,0.0,,,0.0,,,0.0,,,0.0,0.0,0.0,0.0,0.0,0.0,0.0,0.0,0.0,0.0,0.0,0.0,0.0,0.0,0.0,0.0,0.0,0.0,0.0,0.0,0.0,0.0,0.0,0.0,0.0,0.0,0.0,0.0,0.0,0.0,0.0,0.0,0.0,0.0,0.0,0.0,0.0,0.0,0.0,0.0,0.0,0.0,0.0,0.0,0.0
S-T068.2,1,1,-0.31984232850806465,0.21459891065024828,-0.5344412391583129,-0.6156574018985156,0.2258095600942593,-0.8414669619927748,-0.5444283282550044,0.25602438673126077,-0.8004527149862652,0.0,,,0.0,,,0.0,,,0.0,,,0.0,,,0.0,0.0,0.0,0.0,0.0,0.0,0.0,0.0,0.0,0.0,0.0,0.0,0.0,0.0,0.0,0.0,0.0,0.0,0.0,0.0,0.0,0.0,0.0,0.0,0.0,0.0,0.0,0.0,0.0,0.0,0.0,0.0,0.0,0.0,0.0,0.0,0.0,0.0,0.0,0.0,0.0,0.0,0.0,0.0,0.0
S-T069.1,1,1,-0.029778474663632787,0.36279699564132745,-0.3925754703049602,-0.056810867995418506,0.27473093249079,-0.3315418004862085,0.5684210526315789,0.4541353383458646,0.11428571428571432,0.4972041006523766,0.6703168685927307,-0.17311276794035407,0.541219512195122,0.6041463414634146,-0.06292682926829263,0.39352283317800557,0.761183597390494,-0.36766076421248844,0.0,,,0.541219512195122,0.6041463414634146,-0.06292682926829263,1.0,1.0,0.0,1.0,1.0,0.0,1.0,1.0,0.0,1.0,1.0,0.0,1.0,1.0,0.0,1.0,1.0,0.0,1.0,1.0,0.0,1.0,1.0,0.0,1.0,1.0,0.0,1.0,1.0,0.0,1.0,1.0,0.0,0.5,0.5,0.0,0.6,0.8,-0.20000000000000007,0.6,0.9,-0.30000000000000004,0.62,0.65,-0.030000000000000027
S-T070.1,1,1,-0.15916022281371062,0.02168255665519798,-0.1808427794689086,-0.20625381484375271,0.0063601509632957,-0.21261396580704842,0.3813463977843604,0.04212110113594513,0.3392252966484153,0.0,,,0.0,,,0.0,,,0.0,,,0.0,,,0.0,0.0,0.0,0.0,0.0,0.0,0.0,0.0,0.0,0.0,0.0,0.0,0.0,0.0,0.0,0.0,0.0,0.0,0.0,0.0,0.0,0.0,0.0,0.0,0.0,0.0,0.0,0.0,0.0,0.0,0.0,0.0,0.0,0.0,0.0,0.0,0.0,0.0,0.0,0.0,0.0,0.0,0.0,0.0,0.0
S-T070.2,1,1,0.3044161696751295,0.1775920152314833,0.12682415444364623,0.3428947971272563,0.24606585875245868,0.09682893837479761,0.18796992481203004,-0.048120300751879695,0.23609022556390974,0.7436190476190476,0.6781818181818182,0.0654372294372294,0.7687882056814095,0.6442721791559001,0.12451602652550942,0.7055482743556137,0.7070393374741201,-0.0014910631185063306,0.0,,,0.7687882056814095,0.6442721791559001,0.12451602652550942,1.0,0.0,1.0,1.0,1.0,0.0,1.0,1.0,0.0,1.0,1.0,0.0,1.0,1.0,0.0,1.0,0.0,1.0,1.0,1.0,0.0,1.0,1.0,0.0,1.0,1.0,0.0,1.0,1.0,0.0,1.0,0.0,1.0,1.0,0.5,0.5,0.6,0.4,0.19999999999999996,0.6,0.4,0.19999999999999996,0.25,0.27,-0.020000000000000018
S-T071.1,1,1,0.18800259016554477,-0.17183621413652064,0.3598388043020654,0.2065848058825087,-0.09291902829664198,0.29950383417915066,0.4467845370491323,-0.4520496746911254,0.8988342117402577,0.0,,,0.7384615384615384,0.13385826771653542,0.604603270745003,0.0,,,0.0,,,0.0,,,0.0,0.0,0.0,0.0,0.0,0.0,0.0,0.0,0.0,0.0,0.0,0.0,0.0,0.0,0.0,0.0,0.0,0.0,0.0,0.0,0.0,0.0,0.0,0.0,0.0,0.0,0.0,1.0,0.0,1.0,0.0,0.0,0.0,0.0,0.0,0.0,0.0,0.0,0.0,0.0,0.0,0.0,0.0,0.0,0.0
S-T071.2,1,1,0.053982630707064216,0.5160633225549092,-0.46208069184784495,-0.03239800444901793,0.4308424070131027,-0.46324041146212064,-0.259887466507242,-0.1258005997295925,-0.13408686677764947,0.0,,,0.0,,,0.0,,,0.0,,,0.0,,,0.0,0.0,0.0,0.0,0.0,0.0,0.0,0.0,0.0,0.0,0.0,0.0,0.0,0.0,0.0,0.0,0.0,0.0,0.0,0.0,0.0,0.0,0.0,0.0,0.0,0.0,0.0,0.0,0.0,0.0,0.0,0.0,0.0,0.0,0.0,0.0,0.0,0.0,0.0,0.0,0.0,0.0,0.0,0.0,0.0
S-T071.3,1,1,-0.012836391416661127,-0.37856415072840693,0.3657277593117458,0.08673179314414078,-0.07513286980192183,0.1618646629460626,0.3413533834586466,0.2646616541353383,0.07669172932330826,0.6460317460317461,0.4864406779661017,0.15959106806564438,0.6679999999999999,0.4344729344729345,0.23352706552706542,0.0,,,0.0,,,0.6679999999999999,0.4344729344729345,0.23352706552706542,0.0,0.0,0.0,0.0,0.0,0.0,0.0,0.0,0.0,0.0,0.0,0.0,1.0,1.0,0.0,0.0,0.0,0.0,0.0,0.0,0.0,0.0,0.0,0.0,0.0,0.0,0.0,1.0,1.0,0.0,0.0,0.0,0.0,0.0,0.0,0.0,0.0,0.0,0.0,0.0,0.0,0.0,0.06,0.06,0.0
S-T072.1,1,1,0.2370545059823938,-0.22320718133617704,0.46026168731857087,0.18382933906261378,-0.03948677974434807,0.22331611880696184,0.19999999999999998,0.49624060150375937,-0.2962406015037594,0.6058333333333333,0.55,0.05583333333333329,0.570267131242741,0.619047619047619,-0.04878048780487798,0.0,,,0.0,,,0.6375,0.5483333333333333,0.08916666666666662,1.0,0.0,1.0,1.0,0.0,1.0,1.0,0.0,1.0,1.0,0.0,1.0,1.0,1.0,0.0,0.0,0.0,0.0,0.0,0.0,0.0,0.0,0.0,0.0,0.0,0.0,0.0,1.0,1.0,0.0,1.0,0.0,1.0,0.5,0.0,0.5,0.2,0.0,0.2,0.1,0.0,0.1,0.1,0.09,0.010000000000000009
S-T073.1,1,1,0.24509872146150027,0.23062514977338647,0.014473571688113807,0.04570659282523856,0.15204147459380984,-0.10633488176857128,-0.03535163845338252,-0.365550984858381,0.3301993464049985,0.0,,,0.0,,,0.0,,,0.0,,,0.0,,,0.0,0.0,0.0,0.0,0.0,0.0,0.0,0.0,0.0,0.0,0.0,0.0,0.0,0.0,0.0,0.0,0.0,0.0,0.0,0.0,0.0,0.0,0.0,0.0,0.0,0.0,0.0,0.0,0.0,0.0,0.0,0.0,0.0,0.0,0.0,0.0,0.0,0.0,0.0,0.0,0.0,0.0,0.0,0.0,0.0
S-T073.2,1,1,0.09606006886023659,0.051309988392696376,0.04475008046754021,-0.07236834189968427,-0.11305184291374794,0.040683501014063664,0.1459195289352385,-0.30462582071531746,0.4505453496505559,0.21305841924398627,0.34814814814814815,-0.13508972890416188,0.0,,,0.0,,,0.0,,,0.21305841924398627,0.34814814814814815,-0.13508972890416188,0.0,0.0,0.0,0.0,0.0,0.0,0.0,1.0,-1.0,0.0,1.0,-1.0,1.0,1.0,0.0,0.0,0.0,0.0,0.0,0.0,0.0,0.0,0.0,0.0,0.0,0.0,0.0,0.0,0.0,0.0,0.0,0.0,0.0,0.0,0.0,0.0,0.0,0.2,-0.2,0.0,0.1,-0.1,0.03,0.03225806451612903,-0.0022580645161290325
S-T075.1,1,1,0.15637951545815273,0.1215532733572531,0.03482624210089963,0.15416713040943367,0.17564364601000945,-0.021476515600575785,0.10383750117835444,0.6892402252128454,-0.585402724034491,0.6144200626959248,0.5322187391152908,0.08220132358063392,0.5831932773109243,0.5015126050420168,0.08168067226890752,0.6010638297872342,0.5237315875613747,0.07733224222585944,0.0,,,0.5835232823184631,0.5226310647997395,0.060892217518723535,1.0,0.0,1.0,1.0,0.0,1.0,1.0,0.0,1.0,1.0,0.0,1.0,1.0,1.0,0.0,1.0,0.0,1.0,1.0,0.0,1.0,1.0,0.0,1.0,1.0,0.0,1.0,1.0,1.0,0.0,1.0,0.0,1.0,0.5,0.0,0.5,0.6,0.0,0.6,0.4,0.0,0.4,0.32,0.35,-0.02999999999999997
S-T077.1,1,1,-0.021340214148958207,0.15494836043909152,-0.17628857458804972,0.00760241901870951,0.16286571052619725,-0.15526329150748774,-0.2640090446199418,0.49793158842849417,-0.761940633048436,0.0,,,0.0,,,0.0,,,0.0,,,0.0,,,0.0,0.0,0.0,0.0,0.0,0.0,0.0,0.0,0.0,0.0,0.0,0.0,0.0,0.0,0.0,0.0,0.0,0.0,0.0,0.0,0.0,0.0,0.0,0.0,0.0,0.0,0.0,0.0,0.0,0.0,0.0,0.0,0.0,0.0,0.0,0.0,0.0,0.0,0.0,0.0,0.0,0.0,0.0,0.0,0.0
S-T078.1,1,1,0.12585404340049858,-0.3775581179095132,0.5034121613100118,0.11793770646061202,-0.1735277535989996,0.2914654600596116,0.4300751879699248,0.26917293233082706,0.1609022556390977,0.594187675070028,0.3155949741315595,0.2785927009384685,0.0,,,0.0,,,0.0,,,0.6880733944954128,,,0.0,0.0,0.0,0.0,0.0,0.0,1.0,0.0,1.0,1.0,0.0,1.0,1.0,1.0,0.0,0.0,0.0,0.0,0.0,0.0,0.0,0.0,0.0,0.0,0.0,0.0,0.0,0.0,0.0,0.0,0.0,0.0,0.0,0.0,0.0,0.0,0.0,0.0,0.0,0.0,0.0,0.0,0.01,0.0,0.01
S-T079.1,1,1,0.07465265514538527,0.015491811810627166,0.05916084333475811,0.04237381784238088,0.19146563880313713,-0.14909182096075624,0.10075187969924812,0.20902255639097742,-0.1082706766917293,0.41812865497076024,0.7935103244837758,-0.37538166951301555,0.5909090909090909,0.826605504587156,-0.23569641367806504,0.4375,0.7847826086956521,-0.3472826086956521,0.0,,,0.5655655655655655,0.805050505050505,-0.23948493948493954,0.0,1.0,-1.0,1.0,1.0,0.0,1.0,1.0,0.0,1.0,1.0,0.0,1.0,1.0,0.0,0.0,1.0,-1.0,1.0,1.0,0.0,1.0,1.0,0.0,1.0,1.0,0.0,1.0,1.0,0.0,0.0,1.0,-1.0,0.5,1.0,-0.5,0.2,0.6,-0.39999999999999997,0.2,0.5,-0.3,0.07,0.09,-0.01999999999999999
S-T080.1,1,1,0.16350526167973903,0.06056007653431272,0.1029451851454263,0.12044801550802997,0.050656052921912054,0.06979196258611792,0.21052631578947367,0.24661654135338343,-0.036090225563909756,0.47795758928571425,0.46065848214285715,0.017299107142857095,0.4830769230769231,0.4595804195804196,0.023496503496503507,0.5953395851094061,0.5586814435919295,0.036658141517476595,0.0,,,0.4830769230769231,0.4595804195804196,0.023496503496503507,1.0,0.0,1.0,1.0,1.0,0.0,1.0,1.0,0.0,1.0,1.0,0.0,1.0,1.0,0.0,1.0,0.0,1.0,1.0,1.0,0.0,1.0,1.0,0.0,1.0,1.0,0.0,1.0,1.0,0.0,1.0,0.0,1.0,1.0,0.5,0.5,0.4,0.4,0.0,0.4,0.4,0.0,0.54,0.54,0.0
S-T081.1,1,1,0.275102959078301,0.2283988548851569,0.04670410419314411,0.30656555891894144,0.24555360354185352,0.06101195537708792,0.08424220227189026,0.27669172932330827,-0.192449527051418,0.6461647225167904,0.6525455221107396,-0.006380799593949216,0.6180555555555556,0.7396978021978022,-0.12164224664224665,0.7160904255319149,0.48602150537634414,0.2300689201555708,0.0,,,0.6183382985766303,0.7516339869281046,-0.13329568835147432,1.0,0.0,1.0,1.0,1.0,0.0,1.0,1.0,0.0,1.0,1.0,0.0,1.0,1.0,0.0,1.0,0.0,1.0,1.0,1.0,0.0,1.0,1.0,0.0,1.0,1.0,0.0,1.0,1.0,0.0,1.0,0.0,1.0,1.0,0.5,0.5,0.8,0.8,0.0,0.7,0.7,0.0,0.52,0.49,0.030000000000000027
S-T085.1,1,1,-0.32263620569510665,0.10939857524102248,-0.4320347809361291,-0.5015959535573258,0.1027537842838408,-0.6043497378411666,0.3866115354263535,0.024069200649111507,0.362542334777242,0.1479154768703598,0.5362649914334666,-0.38834951456310685,0.1479154768703598,0.5362649914334666,-0.38834951456310685,0.34725925925925927,0.5842962962962963,-0.23703703703703705,0.0,,,0.1479154768703598,0.5362649914334666,-0.38834951456310685,0.0,0.0,0.0,0.0,1.0,-1.0,0.0,1.0,-1.0,1.0,1.0,0.0,1.0,1.0,0.0,0.0,0.0,0.0,0.0,1.0,-1.0,0.0,1.0,-1.0,1.0,1.0,0.0,1.0,1.0,0.0,0.0,0.0,0.0,0.0,0.5,-0.5,0.0,0.8,-0.8,0.1,0.9,-0.8,0.84,0.87,-0.030000000000000027
S-T086.1,1,1,0.5605784118124515,-0.3267520143983719,0.8873304262108235,0.29776701544424083,-0.31114299016600355,0.6089100056102443,-0.5468221522470019,-0.19781874283488515,-0.34900340941211677,0.6616379310344827,0.21336206896551727,0.4482758620689654,0.5617391304347826,0.17739130434782607,0.38434782608695656,0.0,,,0.0,,,0.5657894736842105,0.22953216374269006,0.3362573099415205,0.0,0.0,0.0,0.0,0.0,0.0,0.0,0.0,0.0,0.0,0.0,0.0,1.0,1.0,0.0,0.0,0.0,0.0,0.0,0.0,0.0,0.0,0.0,0.0,0.0,0.0,0.0,1.0,1.0,0.0,0.0,0.0,0.0,0.0,0.0,0.0,0.0,0.0,0.0,0.0,0.0,0.0,0.06,0.04,0.019999999999999997
S-T086.2,1,1,0.5218862041732849,-0.3313532020174833,0.8532394061907682,0.18434693112209039,-0.17595781926200446,0.3603047503840948,-0.04813840129822301,-0.1526889916178011,0.1045505903195781,0.6846846846846847,0.3023023023023023,0.38238238238238237,0.6799999999999999,0.26086956521739135,0.4191304347826086,0.5714285714285714,0.1512605042016807,0.4201680672268907,0.0,,,0.6228070175438596,0.27923976608187134,0.34356725146198824,0.0,0.0,0.0,0.0,0.0,0.0,0.0,0.0,0.0,1.0,0.0,1.0,1.0,1.0,0.0,0.0,0.0,0.0,0.0,0.0,0.0,0.0,0.0,0.0,0.0,0.0,0.0,1.0,1.0,0.0,0.0,0.0,0.0,0.0,0.0,0.0,0.0,0.0,0.0,0.0,0.0,0.0,0.06,0.03,0.03
S-T087.1,1,1,-0.39093164734951213,0.051516051275849316,-0.44244769862536143,-0.3373876935169966,0.13216636921784577,-0.46955406273484235,-0.08198571471103606,-0.447536699569417,0.36555098485838095,0.2387676508344031,0.5154043645699615,-0.2766367137355584,0.23011363636363638,0.5049715909090909,-0.2748579545454546,0.28559249786871277,0.5376527422563229,-0.2520602443876101,0.0,,,0.23719958202716823,0.4977359804946011,-0.2605363984674329,0.0,0.0,0.0,0.0,0.0,0.0,1.0,1.0,0.0,1.0,1.0,0.0,1.0,1.0,0.0,0.0,0.0,0.0,0.0,0.0,0.0,1.0,1.0,0.0,1.0,1.0,0.0,1.0,1.0,0.0,0.0,0.0,0.0,0.0,0.0,0.0,0.2,0.6,-0.39999999999999997,0.2,0.5,-0.3,0.69,0.77,-0.08000000000000007
S-T088.1,1,1,0.24125564734962732,-0.07217272940463632,0.3134283767542636,0.2851201384692688,-0.023050903504168305,0.30817104197343714,0.24511278195488717,0.09774436090225563,0.14736842105263154,0.0,,,0.0,,,0.0,,,0.0,,,0.0,,,0.0,0.0,0.0,0.0,0.0,0.0,0.0,0.0,0.0,0.0,0.0,0.0,0.0,0.0,0.0,0.0,0.0,0.0,0.0,0.0,0.0,0.0,0.0,0.0,0.0,0.0,0.0,0.0,0.0,0.0,0.0,0.0,0.0,0.0,0.0,0.0,0.0,0.0,0.0,0.0,0.0,0.0,0.0,0.0,0.0
S-T089.1,1,1,-0.054621526839715384,-0.40164293000323614,0.34702140316352076,-0.0025107103748545044,-0.3287493224437857,0.3262386120689312,-0.3533834586466165,0.05413533834586466,-0.40751879699248117,0.5147889664340312,0.27916251246261214,0.23562645397141901,0.4667119565217392,0.26664402173913043,0.20006793478260876,0.3526785714285714,0.42782738095238093,-0.07514880952380953,0.0,,,0.508,0.26466666666666666,0.24333333333333335,0.0,0.0,0.0,0.0,0.0,0.0,1.0,0.0,1.0,1.0,0.0,1.0,1.0,1.0,0.0,0.0,0.0,0.0,0.0,0.0,0.0,0.0,0.0,0.0,1.0,0.0,1.0,1.0,1.0,0.0,0.0,0.0,0.0,0.0,0.0,0.0,0.2,0.0,0.2,0.6,0.0,0.6,0.44,0.45,-0.010000000000000009
S-T090.1,1,1,-0.03255045434131355,-0.0651809772029595,0.032630522861645944,0.011808717485941025,-0.08275857339805086,0.09456729088399188,0.08273787723132078,0.6145167790726281,-0.5317789018413074,0.4963624338624339,0.49157681940700804,0.004785614455425857,0.4716981132075472,0.48584905660377353,-0.014150943396226356,0.5369152046783625,0.445945945945946,0.09096925873241651,0.0,,,0.4716981132075472,0.48584905660377353,-0.014150943396226356,1.0,0.0,1.0,1.0,1.0,0.0,1.0,1.0,0.0,1.0,1.0,0.0,1.0,1.0,0.0,1.0,0.0,1.0,1.0,1.0,0.0,1.0,1.0,0.0,1.0,1.0,0.0,1.0,1.0,0.0,1.0,0.0,1.0,1.0,0.5,0.5,0.8,0.6,0.20000000000000007,0.6,0.4,0.19999999999999996,0.53,0.49,0.040000000000000036
S-T091.1,1,1,0.2702024016223741,-0.006681348803756774,0.27688375042613084,0.2047926658536309,0.0034876711429267246,0.20130499471070418,-0.013533834586466165,-0.07218045112781954,0.05864661654135338,0.621900826446281,0.644111570247934,-0.022210743801653,0.6657027183342974,0.6194331983805668,0.04626951995373063,0.5502717391304348,0.5054347826086957,0.044836956521739135,0.0,,,0.6657027183342974,0.6194331983805668,0.04626951995373063,1.0,1.0,0.0,1.0,1.0,0.0,1.0,1.0,0.0,1.0,1.0,0.0,1.0,1.0,0.0,1.0,1.0,0.0,1.0,1.0,0.0,1.0,1.0,0.0,1.0,1.0,0.0,1.0,1.0,0.0,1.0,1.0,0.0,1.0,1.0,0.0,1.0,1.0,0.0,1.0,1.0,0.0,0.85,0.82,0.030000000000000027
S-T092.1,1,1,-0.043613805487074976,-0.1415020009012623,0.09788819541418733,0.06513859828107597,-0.011445789492376669,0.07658438777345264,-0.20767500235670888,0.39127174357061095,-0.5989467459273199,0.4468085106382979,0.5294767870302137,-0.08266827639191582,0.5233918128654971,0.43637077769049487,0.0870210351750022,0.4322916666666667,0.3685787671232877,0.063712899543379,0.0,,,0.5233918128654971,0.43637077769049487,0.0870210351750022,1.0,1.0,0.0,1.0,1.0,0.0,1.0,1.0,0.0,1.0,1.0,0.0,1.0,1.0,0.0,1.0,1.0,0.0,1.0,1.0,0.0,1.0,1.0,0.0,1.0,1.0,0.0,1.0,1.0,0.0,1.0,1.0,0.0,1.0,0.5,0.5,0.8,0.6,0.20000000000000007,0.6,0.8,-0.20000000000000007,0.66,0.64,0.020000000000000018
S-T093.1,1,1,0.29449448637445713,-0.26875670607178004,0.5632511924462371,0.391902696470425,-0.2929754427108892,0.6848781391813142,0.03836028853452146,0.11508086560356438,-0.07672057706904292,0.622093023255814,0.2601744186046512,0.36191860465116277,0.7540338449429358,0.18890200708382524,0.5651318378591106,0.6737231182795699,0.29032258064516125,0.3834005376344086,0.0,,,0.6167355371900827,0.2174586776859504,0.3992768595041323,0.0,0.0,0.0,1.0,0.0,1.0,1.0,0.0,1.0,1.0,1.0,0.0,1.0,1.0,0.0,0.0,0.0,0.0,1.0,0.0,1.0,1.0,0.0,1.0,1.0,0.0,1.0,1.0,1.0,0.0,0.0,0.0,0.0,0.5,0.0,0.5,0.8,0.0,0.8,0.9,0.1,0.8,0.82,0.8,0.019999999999999907
S-T094.1,1,1,0.09740945243224336,-0.2173559747117385,0.31476542714398187,-0.04886646137995145,-0.16990072581788662,0.12103426443793516,0.5896954159032319,0.4723580627388133,0.11733735316441862,0.5091575091575091,0.36904761904761907,0.14010989010989006,0.48192771084337355,0.33409312927385215,0.1478345815695214,0.9915966386554622,0.865546218487395,0.12605042016806722,0.0,,,0.5091575091575091,0.36904761904761907,0.14010989010989006,0.0,0.0,0.0,1.0,0.0,1.0,1.0,0.0,1.0,1.0,1.0,0.0,1.0,1.0,0.0,0.0,0.0,0.0,1.0,0.0,1.0,1.0,0.0,1.0,1.0,1.0,0.0,1.0,1.0,0.0,0.0,0.0,0.0,0.5,0.0,0.5,0.4,0.0,0.4,0.4,0.2,0.2,0.33,0.31,0.020000000000000018
S-T096.1,1,1,0.11883282894427145,0.0009700466686744337,0.11786278227559702,0.12220674100299195,0.034493251282713626,0.08771348972027831,-0.10977443609022557,-0.45563909774436084,0.34586466165413526,0.9805194805194806,0.14473684210526316,0.8357826384142174,0.7614379084967321,0.3807947019867549,0.3806432065099772,0.0,,,0.0,,,0.7614379084967321,0.3807947019867549,0.3806432065099772,0.0,0.0,0.0,0.0,0.0,0.0,1.0,0.0,1.0,1.0,0.0,1.0,1.0,0.0,1.0,0.0,0.0,0.0,0.0,0.0,0.0,1.0,0.0,1.0,1.0,0.0,1.0,1.0,1.0,0.0,0.0,0.0,0.0,0.0,0.0,0.0,0.2,0.0,0.2,0.1,0.0,0.1,0.02,0.01,0.01
S-T097.1,1,1,0.12482887856152766,-0.2185607663676335,0.34338964492916113,0.07603856714172988,-0.04638828091028568,0.12242684805201556,0.21654135338345865,-0.13233082706766916,0.3488721804511278,0.532608695652174,0.5078502415458936,0.024758454106280303,0.5513468013468014,0.5568181818181819,-0.005471380471380516,0.5655172413793104,0.3172413793103448,0.24827586206896557,0.0,,,0.5513468013468014,0.5568181818181819,-0.005471380471380516,0.0,0.0,0.0,0.0,0.0,0.0,0.0,0.0,0.0,0.0,0.0,0.0,1.0,1.0,0.0,0.0,0.0,0.0,0.0,0.0,0.0,0.0,1.0,-1.0,0.0,1.0,-1.0,1.0,1.0,0.0,0.0,0.0,0.0,0.0,0.0,0.0,0.0,0.2,-0.2,0.0,0.2,-0.2,0.12,0.12,0.0
S-T098.1,1,1,0.41304562665079564,-0.028319726693106412,0.44136535334390203,0.2976357848541168,0.0025753850061697825,0.295060399847947,-0.14264252504829375,0.05207584247794852,-0.19471836752624228,0.0,,,0.0,,,0.0,,,0.0,,,0.0,,,0.0,0.0,0.0,0.0,0.0,0.0,0.0,0.0,0.0,0.0,0.0,0.0,0.0,0.0,0.0,0.0,0.0,0.0,0.0,0.0,0.0,0.0,0.0,0.0,0.0,0.0,0.0,0.0,0.0,0.0,0.0,0.0,0.0,0.0,0.0,0.0,0.0,0.0,0.0,0.0,0.0,0.0,0.0,0.0,0.0
S-T099.1,1,1,0.06913062664756209,0.07111786767103005,-0.0019872410234679644,-0.02508334023189764,0.05535569970079374,-0.08043903993269137,0.09269030514300074,-0.040662696716141415,0.13335300185914215,0.0,,,0.0,,,0.0,,,0.0,,,0.0,,,0.0,0.0,0.0,0.0,0.0,0.0,0.0,0.0,0.0,0.0,0.0,0.0,0.0,0.0,0.0,0.0,0.0,0.0,0.0,0.0,0.0,0.0,0.0,0.0,0.0,0.0,0.0,0.0,0.0,0.0,0.0,0.0,0.0,0.0,0.0,0.0,0.0,0.0,0.0,0.0,0.0,0.0,0.0,0.0,0.0
S-T100.1,1,1,-0.14983257470161562,-0.266032833635856,0.11620025893424038,-0.2686847167576666,-0.23712908904524443,-0.03155562771242215,-0.3744360902255639,0.6812030075187969,-1.0556390977443608,0.0,,,0.0,,,0.0,,,0.0,,,0.0,,,0.0,0.0,0.0,0.0,0.0,0.0,0.0,0.0,0.0,0.0,0.0,0.0,0.0,0.0,0.0,0.0,0.0,0.0,0.0,0.0,0.0,0.0,0.0,0.0,0.0,0.0,0.0,0.0,0.0,0.0,0.0,0.0,0.0,0.0,0.0,0.0,0.0,0.0,0.0,0.0,0.0,0.0,0.0,0.0,0.0
S-T101.1,1,1,-0.17238145280431932,-0.20565571460912602,0.03327426180480669,-0.12721556661993996,-0.10742420243469886,-0.019791364185241106,-0.2881866880529692,0.11587663174975786,-0.4040633198027271,0.0,,,0.0,,,0.0,,,0.0,,,0.0,,,0.0,0.0,0.0,0.0,0.0,0.0,0.0,0.0,0.0,0.0,0.0,0.0,0.0,0.0,0.0,0.0,0.0,0.0,0.0,0.0,0.0,0.0,0.0,0.0,0.0,0.0,0.0,0.0,0.0,0.0,0.0,0.0,0.0,0.0,0.0,0.0,0.0,0.0,0.0,0.0,0.0,0.0,0.0,0.0,0.0
S-T104.1,1,1,0.10357990597106552,0.05589912292786966,0.04768078304319586,0.22041482912454796,0.1667974132150141,0.053617415909533866,-0.16534683893576363,0.370709122910776,-0.5360559618465397,0.688095238095238,0.5533333333333333,0.13476190476190464,0.6762589928057554,0.5713622650266883,0.10489672777906711,0.6762589928057554,0.5713622650266883,0.10489672777906711,0.5403663003663004,0.5131135531135531,0.02725274725274729,0.688095238095238,0.5533333333333333,0.13476190476190464,1.0,0.0,1.0,1.0,0.0,1.0,1.0,1.0,0.0,1.0,1.0,0.0,1.0,1.0,0.0,1.0,0.0,1.0,1.0,0.0,1.0,1.0,1.0,0.0,1.0,1.0,0.0,1.0,1.0,0.0,1.0,0.0,1.0,1.0,0.0,1.0,1.0,0.4,0.6,0.9,0.5,0.4,0.9,0.85,0.050000000000000044
S-T105.1,1,1,0.0955212340210394,0.018671896130261715,0.07684933789077769,0.3484335034856848,-0.20616465897580274,0.5545981624614875,-0.4009053199057116,0.039939815704892315,-0.4408451356106039,0.7718120805369126,0.24429530201342284,0.5275167785234898,0.7718120805369126,0.24429530201342284,0.5275167785234898,0.6040578545600643,0.40478103656086784,0.1992768179991965,0.437847866419295,0.6008039579468152,-0.16295609152752016,0.7718120805369126,0.24429530201342284,0.5275167785234898,1.0,0.0,1.0,1.0,0.0,1.0,1.0,1.0,0.0,1.0,1.0,0.0,1.0,1.0,0.0,1.0,0.0,1.0,1.0,0.0,1.0,1.0,1.0,0.0,1.0,1.0,0.0,1.0,1.0,0.0,1.0,0.0,1.0,1.0,0.0,1.0,1.0,0.2,0.8,1.0,0.3,0.7,0.95,0.83,0.12
S-T107.1,1,1,0.30731658362977254,-0.30831313146599876,0.6156297150957712,0.27810157192455276,-0.1313113694831432,0.40941294140769596,-0.09473684210526315,0.04962406015037594,-0.14436090225563908,0.0,,,0.0,,,0.0,,,0.0,,,0.0,,,0.0,0.0,0.0,0.0,0.0,0.0,0.0,0.0,0.0,0.0,0.0,0.0,0.0,0.0,0.0,0.0,0.0,0.0,0.0,0.0,0.0,0.0,0.0,0.0,0.0,0.0,0.0,0.0,0.0,0.0,0.0,0.0,0.0,0.0,0.0,0.0,0.0,0.0,0.0,0.0,0.0,0.0,0.0,0.0,0.0
S-T110.1,1,1,0.24364388342999785,0.16721403034606847,0.07642985308392938,0.2692079268147335,0.4650756373409877,-0.19586771052625424,-0.4324814115357574,-0.10151806472455664,-0.33096334681120076,0.6103747340860742,0.591952111739275,0.018422622346799256,0.583048170571203,0.8595965103598691,-0.2765483397886661,0.6493749999999999,0.5528481012658228,0.09652689873417708,0.0,,,0.583048170571203,0.8595965103598691,-0.2765483397886661,0.0,1.0,-1.0,1.0,1.0,0.0,1.0,1.0,0.0,1.0,1.0,0.0,1.0,1.0,0.0,0.0,1.0,-1.0,1.0,1.0,0.0,1.0,1.0,0.0,1.0,1.0,0.0,1.0,1.0,0.0,0.0,1.0,-1.0,0.5,1.0,-0.5,0.6,1.0,-0.4,0.5,1.0,-0.5,0.86,0.97,-0.10999999999999999
S-T113.1,1,1,0.10147334034664449,0.257385928754644,-0.15591258840799951,0.07140539624761359,0.22206484364952853,-0.15065944740191495,-0.5639097744360902,0.49022556390977434,-1.0541353383458647,0.0,,,0.41455696202531644,0.7753164556962026,-0.3607594936708861,0.0,,,0.0,,,0.27612903225806457,0.7148387096774194,-0.4387096774193548,0.0,0.0,0.0,0.0,0.0,0.0,0.0,0.0,0.0,0.0,0.0,0.0,0.0,0.0,0.0,0.0,0.0,0.0,0.0,0.0,0.0,0.0,0.0,0.0,0.0,1.0,-1.0,1.0,1.0,0.0,0.0,0.0,0.0,0.0,0.0,0.0,0.0,0.0,0.0,0.0,0.1,-0.1,0.02,0.05,-0.030000000000000002
S-T116.1,1,1,0.18159083259042524,0.126520450240804,0.05507038234962125,0.03451932394951939,-0.036871936010877134,0.07139125996039652,-0.10462934783757878,0.18742955116228144,-0.2920588989998602,0.37536193735193474,0.3685180310608055,0.0068439062911292425,0.0,,,0.0,,,0.0,,,0.33333333333333337,0.4591194968553459,-0.12578616352201255,0.0,0.0,0.0,0.0,0.0,0.0,0.0,0.0,0.0,0.0,0.0,0.0,1.0,1.0,0.0,0.0,0.0,0.0,0.0,0.0,0.0,0.0,0.0,0.0,0.0,0.0,0.0,0.0,0.0,0.0,0.0,0.0,0.0,0.0,0.0,0.0,0.0,0.0,0.0,0.0,0.0,0.0,0.0,0.01,-0.01
S-T117.1,1,1,0.06990774615864002,0.16263420692925784,-0.09272646077061782,0.06915610476830808,0.21895161998792706,-0.14979551521961898,0.4557446876431346,-0.28700615866451945,0.742750846307654,0.5458333333333334,0.7207482993197278,-0.17491496598639444,0.0,,,0.0,,,0.0,,,0.47876004592422505,0.5332167832167832,-0.05445673729255818,0.0,0.0,0.0,0.0,1.0,-1.0,1.0,1.0,0.0,1.0,1.0,0.0,1.0,1.0,0.0,0.0,0.0,0.0,0.0,0.0,0.0,0.0,0.0,0.0,0.0,0.0,0.0,0.0,0.0,0.0,0.0,0.0,0.0,0.0,0.0,0.0,0.0,0.0,0.0,0.0,0.0,0.0,0.18,0.23,-0.05000000000000002
S-T117.2,1,1,-0.23778308077088076,0.044374681066647846,-0.2821577618375286,-0.15864004950171912,0.04495361398262404,-0.20359366348434316,0.41244800494906203,-0.06747770669203405,0.4799257116410961,0.0,,,0.0,,,0.0,,,0.0,,,0.0,,,0.0,0.0,0.0,0.0,0.0,0.0,0.0,0.0,0.0,0.0,0.0,0.0,0.0,0.0,0.0,0.0,0.0,0.0,0.0,0.0,0.0,0.0,0.0,0.0,0.0,0.0,0.0,0.0,0.0,0.0,0.0,0.0,0.0,0.0,0.0,0.0,0.0,0.0,0.0,0.0,0.0,0.0,0.0,0.0,0.0
S-T117.3,1,1,-0.4516116303272377,0.16415466070965526,-0.615766291036893,-0.384975542935565,0.22669569713228507,-0.6116712400678501,-0.11302920967267673,-0.03507783240267842,-0.0779513772699983,0.2505263157894737,0.711166253101737,-0.46063993731226327,0.0,,,0.0,,,0.0,,,0.34685073339085415,0.5883771929824562,-0.24152645959160202,0.0,0.0,0.0,0.0,1.0,-1.0,0.0,1.0,-1.0,0.0,1.0,-1.0,1.0,1.0,0.0,0.0,0.0,0.0,0.0,0.0,0.0,0.0,0.0,0.0,0.0,0.0,0.0,0.0,0.0,0.0,0.0,0.0,0.0,0.0,0.0,0.0,0.0,0.2,-0.2,0.0,0.1,-0.1,0.18,0.33,-0.15000000000000002
S-T117.4,1,1,0.06947610384732719,0.1290213638384915,-0.05954525999116431,-0.061198371963562835,0.16218631745944131,-0.22338468942300416,-0.1675483627551387,0.371375423153827,-0.5389237859089657,0.03144654088050314,0.9528301886792453,-0.9213836477987422,0.3779193205944798,0.923076923076923,-0.5451576024824432,0.0,,,0.0,,,0.3779193205944798,0.923076923076923,-0.5451576024824432,0.0,0.0,0.0,0.0,0.0,0.0,0.0,0.0,0.0,0.0,1.0,-1.0,0.0,1.0,-1.0,0.0,0.0,0.0,0.0,0.0,0.0,0.0,1.0,-1.0,0.0,1.0,-1.0,1.0,1.0,0.0,0.0,0.0,0.0,0.0,0.0,0.0,0.0,0.2,-0.2,0.0,0.2,-0.2,0.02,0.03,-0.009999999999999998
S-T119.1,1,1,0.6168886689731102,-0.017654119260865846,0.634542788233976,0.5370472268623988,0.027071735599280427,0.5099754912631184,0.19758723268911416,-0.22926197826734748,0.42684921095646167,0.7734038113784949,0.49198312236286923,0.28142068901562567,0.7895763656633222,0.5098619329388561,0.27971443272446617,0.8579881656804734,0.3035714285714286,0.5544167371090448,0.0,,,0.7798152295632699,0.499151103565365,0.28066412599790486,1.0,0.0,1.0,1.0,0.0,1.0,1.0,1.0,0.0,1.0,1.0,0.0,1.0,1.0,0.0,1.0,0.0,1.0,1.0,0.0,1.0,1.0,1.0,0.0,1.0,1.0,0.0,1.0,1.0,0.0,1.0,0.0,1.0,1.0,0.0,1.0,1.0,0.4,0.6,1.0,0.4,0.6,0.69,0.57,0.12
S-T120.1,1,1,0.13339793340018394,0.3668140912698186,-0.23341615786963468,0.18598901299182208,0.11255065852242273,0.07343835446939935,0.5182399764761821,-0.4189545237985971,0.9371945002747792,0.7762237762237763,0.4225774225774226,0.35364635364635366,0.7107142857142856,0.45071428571428573,0.2599999999999999,0.7981859410430838,0.5328798185941043,0.26530612244897955,0.0,,,0.7107142857142856,0.45071428571428573,0.2599999999999999,0.0,0.0,0.0,0.0,0.0,0.0,1.0,0.0,1.0,1.0,0.0,1.0,1.0,1.0,0.0,0.0,0.0,0.0,0.0,0.0,0.0,1.0,0.0,1.0,1.0,0.0,1.0,1.0,1.0,0.0,0.0,0.0,0.0,0.0,0.0,0.0,0.2,0.0,0.2,0.1,0.0,0.1,0.09,0.08,0.009999999999999995
S-T121.1,1,1,-0.03271170153692881,-0.15885729663936574,0.12614559510243692,-0.018969204783698557,-0.09393426619846677,0.07496506141476822,0.4764775336776069,-0.3048552940591325,0.7813328277367394,0.5838509316770186,0.41338854382332635,0.17046238785369228,0.507112648981161,0.40792003075740096,0.09919261822376008,0.7100591715976332,0.0650887573964497,0.6449704142011835,0.0,,,0.4948830409356725,0.4331140350877193,0.061769005847953196,0.0,0.0,0.0,0.0,0.0,0.0,0.0,0.0,0.0,0.0,0.0,0.0,1.0,1.0,0.0,0.0,0.0,0.0,0.0,0.0,0.0,0.0,0.0,0.0,0.0,0.0,0.0,1.0,1.0,0.0,0.0,0.0,0.0,0.0,0.0,0.0,0.0,0.0,0.0,0.0,0.0,0.0,0.11,0.09,0.020000000000000004
S-T122.1,1,1,-0.1827452171737534,-0.038325425011828326,-0.14441979216192508,-0.14002661477040848,-0.08851236565029572,-0.051514249120112765,0.1286197909686896,-0.25197444429538607,0.38059423526407565,0.33797554347826086,0.5594262295081966,-0.22145068602993578,0.4918857142857143,0.667816091954023,-0.1759303776683087,0.4461538461538461,0.7896907216494844,-0.34353687549563827,0.0,,,0.4043419267299864,0.436887673729779,-0.03254574699979257,0.0,0.0,0.0,0.0,0.0,0.0,0.0,0.0,0.0,0.0,1.0,-1.0,1.0,1.0,0.0,0.0,0.0,0.0,0.0,0.0,0.0,0.0,0.0,0.0,1.0,1.0,0.0,1.0,1.0,0.0,0.0,1.0,-1.0,0.5,1.0,-0.5,0.8,1.0,-0.19999999999999996,0.6,0.9,-0.30000000000000004,0.59,0.61,-0.020000000000000018
S-T123.1,1,1,-0.13408150672084318,0.11479779604169134,-0.2488793027625345,-0.0611334640020888,0.07197721890193783,-0.1331106829040266,0.3374770579572302,-0.2244825073019076,0.5619595652591378,0.0,,,0.0,,,0.0,,,0.0,,,0.0,,,0.0,0.0,0.0,0.0,0.0,0.0,0.0,0.0,0.0,0.0,0.0,0.0,0.0,0.0,0.0,0.0,0.0,0.0,0.0,0.0,0.0,0.0,0.0,0.0,0.0,0.0,0.0,0.0,0.0,0.0,0.0,0.0,0.0,0.0,0.0,0.0,0.0,0.0,0.0,0.0,0.0,0.0,0.0,0.0,0.0
S-T124.1,1,1,0.026685839291485523,0.6500316868153221,-0.6233458475238366,-0.23562347309900938,0.21348618259115856,-0.4491096556901679,-0.4510119781713275,-0.43512061652435113,-0.015891361646976354,0.0,,,0.0,,,0.0,,,0.0,,,0.0,,,0.0,0.0,0.0,0.0,0.0,0.0,0.0,0.0,0.0,0.0,0.0,0.0,0.0,0.0,0.0,0.0,0.0,0.0,0.0,0.0,0.0,0.0,0.0,0.0,0.0,0.0,0.0,0.0,0.0,0.0,0.0,0.0,0.0,0.0,0.0,0.0,0.0,0.0,0.0,0.0,0.0,0.0,0.0,0.0,0.0
S-T125.1,1,1,-0.344671170334865,0.5374857098054527,-0.8821568801403177,-0.3014868385823804,0.5064623451453544,-0.8079491837277348,-0.2902255639097744,0.34586466165413526,-0.6360902255639096,0.3192186088527552,0.8735772357723577,-0.5543586269196025,0.3021848739495799,0.8631507775524002,-0.5609659036028203,0.31261446886446886,0.8889798145117295,-0.5763653456472606,0.2566844919786096,0.7633136094674555,-0.506629117488846,0.3021848739495799,0.8631507775524002,-0.5609659036028203,0.0,1.0,-1.0,0.0,1.0,-1.0,0.0,1.0,-1.0,0.0,1.0,-1.0,1.0,1.0,0.0,0.0,1.0,-1.0,0.0,1.0,-1.0,0.0,1.0,-1.0,0.0,1.0,-1.0,1.0,1.0,0.0,0.0,1.0,-1.0,0.0,1.0,-1.0,0.0,1.0,-1.0,0.0,1.0,-1.0,0.29,0.75,-0.46
S-T125.2,1,1,-0.04822979796924673,-0.2189407075876737,0.17071090961842697,0.26316645167631,-0.08042476875514916,0.3435912204314591,-0.34386766694570997,-0.44394293982050087,0.1000752728747909,0.5955882352941176,0.5473529411764706,0.04823529411764704,0.6049523809523809,0.6236190476190476,-0.01866666666666672,0.5955882352941176,0.5473529411764706,0.04823529411764704,0.4462099811676083,0.39759887005649713,0.04861111111111116,0.6049523809523809,0.6236190476190476,-0.01866666666666672,0.0,1.0,-1.0,1.0,1.0,0.0,1.0,1.0,0.0,1.0,1.0,0.0,1.0,1.0,0.0,1.0,1.0,0.0,1.0,1.0,0.0,1.0,1.0,0.0,1.0,1.0,0.0,1.0,1.0,0.0,1.0,1.0,0.0,1.0,1.0,0.0,1.0,0.8,0.19999999999999996,0.9,0.9,0.0,0.92,0.94,-0.019999999999999907
S-T125.3,1,1,-0.042793221487433454,-0.06959297120306018,0.02679974971562673,-0.028107703326298465,0.03638969017364849,-0.06449739349994696,0.24348120172323529,-0.1731589912876425,0.4166401930108778,0.0,,,0.0,,,0.0,,,0.0,,,0.0,,,0.0,0.0,0.0,0.0,0.0,0.0,0.0,0.0,0.0,0.0,0.0,0.0,0.0,0.0,0.0,0.0,0.0,0.0,0.0,0.0,0.0,0.0,0.0,0.0,0.0,0.0,0.0,0.0,0.0,0.0,0.0,0.0,0.0,0.0,0.0,0.0,0.0,0.0,0.0,0.0,0.0,0.0,0.0,0.0,0.0
S-T125.4,1,1,-0.44063881436154584,0.5103922309260663,-0.9510310452876122,-0.14626536761940637,0.3609645860465853,-0.5072299536659917,0.31464077263387,0.36356816550755794,-0.048927392873687914,0.0,,,0.0,,,0.0,,,0.0,,,0.0,,,0.0,0.0,0.0,0.0,0.0,0.0,0.0,0.0,0.0,0.0,0.0,0.0,0.0,0.0,0.0,0.0,0.0,0.0,0.0,0.0,0.0,0.0,0.0,0.0,0.0,0.0,0.0,0.0,0.0,0.0,0.0,0.0,0.0,0.0,0.0,0.0,0.0,0.0,0.0,0.0,0.0,0.0,0.0,0.0,0.0
S-T131.1,1,1,-0.05036511655654606,-0.05458907084813123,0.004223954291585168,-0.21238693424704908,-0.12814836227535173,-0.08423857197169735,-0.31061497415722555,-0.08485091976977868,-0.22576405438744687,0.11666666666666665,0.27555555555555555,-0.1588888888888889,0.24581005586592178,0.2532588454376164,-0.0074487895716946195,0.1282051282051282,0.30219780219780223,-0.17399267399267404,0.0,,,0.24581005586592178,0.2532588454376164,-0.0074487895716946195,0.0,0.0,0.0,0.0,0.0,0.0,0.0,0.0,0.0,0.0,0.0,0.0,0.0,1.0,-1.0,0.0,0.0,0.0,0.0,0.0,0.0,0.0,0.0,0.0,0.0,0.0,0.0,1.0,1.0,0.0,0.0,0.0,0.0,0.0,0.0,0.0,0.0,0.0,0.0,0.0,0.0,0.0,0.01,0.01,0.0
S-T132.1,1,1,0.25685074328025537,-0.033440627728420484,0.29029137100867586,0.3145293728842276,-0.04287429653357001,0.3574036694177976,0.4698800509420785,-0.28614490281729144,0.75602495375937,0.9171122994652406,0.2032085561497326,0.713903743315508,0.9802469135802468,0.30246913580246915,0.6777777777777777,0.8829787234042553,0.18085106382978722,0.7021276595744681,0.0,,,0.9730662983425414,0.3225138121546961,0.6505524861878453,0.0,0.0,0.0,0.0,0.0,0.0,0.0,0.0,0.0,0.0,0.0,0.0,1.0,0.0,1.0,1.0,0.0,1.0,1.0,0.0,1.0,1.0,0.0,1.0,1.0,0.0,1.0,1.0,1.0,0.0,1.0,0.0,1.0,0.5,0.0,0.5,0.6,0.0,0.6,0.4,0.0,0.4,0.08,0.01,0.07
S-T133.1,1,1,0.4651086043865602,-0.600643300548603,1.0657519049351634,0.3929032802962146,-0.48102164746116816,0.8739249277573827,0.4621754185070273,-0.47855544021328567,0.9407308587203129,0.7072392132633096,0.21697044588610853,0.4902687673772011,0.7089963280293757,0.22276621787025708,0.48623011015911866,0.6686159844054581,0.30571799870045485,0.36289798570500326,0.0,,,0.7118523051815586,0.23113015095879239,0.4807221542227662,1.0,0.0,1.0,1.0,0.0,1.0,1.0,0.0,1.0,1.0,0.0,1.0,1.0,1.0,0.0,1.0,0.0,1.0,1.0,0.0,1.0,1.0,0.0,1.0,1.0,0.0,1.0,1.0,1.0,0.0,1.0,0.0,1.0,1.0,0.0,1.0,0.8,0.0,0.8,0.4,0.0,0.4,0.59,0.22,0.37
S-T136.1,1,1,0.47724527573727277,0.44190500899298846,0.03534026674428431,0.5148607627034829,0.5113091171246754,0.003551645578807494,0.1264584206989912,0.3130173948564887,-0.18655897415749753,0.8075929238719937,0.8984833164812942,-0.09089039260930054,0.7303609341825903,0.7698924731182796,-0.03953153893568928,0.7773206056616195,0.7027889784946236,0.0745316271669959,0.0,,,0.0,,,1.0,1.0,0.0,1.0,1.0,0.0,1.0,1.0,0.0,1.0,1.0,0.0,1.0,1.0,0.0,1.0,1.0,0.0,1.0,1.0,0.0,1.0,1.0,0.0,1.0,1.0,0.0,1.0,1.0,0.0,1.0,1.0,0.0,1.0,1.0,0.0,1.0,1.0,0.0,1.0,1.0,0.0,1.0,1.0,0.0
S-T136.2,1,1,0.06848096946561454,0.48985598136518693,-0.4213750118995724,0.048793749320728316,0.5051143132285674,-0.45632056390783904,-0.1522804480586773,0.07680731601937822,-0.22908776407805553,0.5622551524442173,0.7066939192641799,-0.1444387668199626,0.6024242424242423,0.7885714285714286,-0.18614718614718628,0.5635302197802198,0.7122252747252746,-0.14869505494505486,0.0,,,0.24203821656050956,0.7112526539278132,-0.46921443736730367,1.0,1.0,0.0,1.0,1.0,0.0,1.0,1.0,0.0,1.0,1.0,0.0,1.0,1.0,0.0,1.0,1.0,0.0,1.0,1.0,0.0,1.0,1.0,0.0,1.0,1.0,0.0,1.0,1.0,0.0,1.0,1.0,0.0,0.5,1.0,-0.5,0.8,1.0,-0.19999999999999996,0.9,1.0,-0.09999999999999998,0.97,0.99,-0.020000000000000018
S-T136.3,1,1,0.015695546828724788,0.39556823892117904,-0.3798726920924542,0.0509402486842072,0.36662741546917,-0.3156871667849628,-0.17270029116720284,0.0203543867205419,-0.19305467788774475,0.5474482475917196,0.6575117852018857,-0.11006353761016607,0.4408658008658008,0.7655411255411254,-0.3246753246753246,0.46625556697499143,0.7067488866050017,-0.24049331963001025,0.0,,,0.38621794871794873,0.5625,-0.17628205128205127,0.0,1.0,-1.0,0.0,1.0,-1.0,1.0,1.0,0.0,1.0,1.0,0.0,1.0,1.0,0.0,0.0,1.0,-1.0,1.0,1.0,0.0,1.0,1.0,0.0,1.0,1.0,0.0,1.0,1.0,0.0,1.0,1.0,0.0,1.0,1.0,0.0,1.0,1.0,0.0,1.0,1.0,0.0,0.97,0.98,-0.010000000000000009
S-T138.1,1,1,0.21159648847182239,-0.3688098690816687,0.580406357553491,0.19823354069052068,-0.16844086799930552,0.3666744086898262,-0.29121187903634044,0.46757377146630075,-0.7587856505026411,0.0,,,0.0,,,0.0,,,0.0,,,0.0,,,0.0,0.0,0.0,0.0,0.0,0.0,0.0,0.0,0.0,0.0,0.0,0.0,0.0,0.0,0.0,0.0,0.0,0.0,0.0,0.0,0.0,0.0,0.0,0.0,0.0,0.0,0.0,0.0,0.0,0.0,0.0,0.0,0.0,0.0,0.0,0.0,0.0,0.0,0.0,0.0,0.0,0.0,0.0,0.0,0.0
S-T138.2,1,1,-0.18326647323131423,0.47015573342316497,-0.6534222066544793,-0.01731693188487588,0.12429737726008491,-0.1416143091449608,0.036240299762879236,-0.38792729034297874,0.424167590105858,0.0,,,0.0,,,0.0,,,0.0,,,0.0,,,0.0,0.0,0.0,0.0,0.0,0.0,0.0,0.0,0.0,0.0,0.0,0.0,0.0,0.0,0.0,0.0,0.0,0.0,0.0,0.0,0.0,0.0,0.0,0.0,0.0,0.0,0.0,0.0,0.0,0.0,0.0,0.0,0.0,0.0,0.0,0.0,0.0,0.0,0.0,0.0,0.0,0.0,0.0,0.0,0.0
S-T140.1,1,1,0.07048370220633537,-0.17159882171951601,0.2420825239258514,0.26715619796506507,-0.2552858167636549,0.52244201472872,-0.012052738391102324,0.13855437399574114,-0.15060711238684346,0.5468888888888889,0.2808219178082192,0.2660669710806697,0.5556129032258065,0.26675496688741723,0.28885793633838924,0.465679012345679,0.38050964187327824,0.08516937047240075,0.0,,,0.5701798201798202,0.29102564102564105,0.2791541791541791,0.0,0.0,0.0,0.0,0.0,0.0,0.0,0.0,0.0,1.0,0.0,1.0,1.0,1.0,0.0,0.0,0.0,0.0,0.0,0.0,0.0,0.0,0.0,0.0,1.0,0.0,1.0,1.0,1.0,0.0,0.0,0.0,0.0,0.0,0.0,0.0,0.0,0.0,0.0,0.3,0.0,0.3,0.89,0.81,0.07999999999999996
S-T141.1,1,1,0.02107707288725726,0.3465736016656878,-0.32549652877843055,-0.1395370042047955,0.2561268965172568,-0.39566390072205226,-0.28517216072425106,0.5723178178650822,-0.8574899785893333,0.2940950920245399,0.8132668711656441,-0.5191717791411042,0.31187290969899667,0.6956521739130435,-0.3837792642140468,0.0,,,0.0,,,0.31187290969899667,0.6956521739130435,-0.3837792642140468,0.0,1.0,-1.0,0.0,1.0,-1.0,0.0,1.0,-1.0,0.0,1.0,-1.0,1.0,1.0,0.0,0.0,1.0,-1.0,0.0,1.0,-1.0,0.0,1.0,-1.0,0.0,1.0,-1.0,1.0,1.0,0.0,0.0,1.0,-1.0,0.0,0.5,-0.5,0.0,0.2,-0.2,0.0,0.1,-0.1,0.06,0.18,-0.12
S-T142.1,1,1,0.16749267374960886,-0.13031441524178258,0.2978070889913914,0.3103307154192259,-0.07932096946537326,0.38965168488459917,0.3361035818334418,-0.020369789209859542,0.35647337104330135,0.7114766496502174,0.4027830728173846,0.3086935768328328,0.7083562901744719,0.3764814814814815,0.3318748086929904,0.718048780487805,0.422108575924469,0.295940204563336,0.0,,,0.7083562901744719,0.3764814814814815,0.3318748086929904,0.0,0.0,0.0,1.0,0.0,1.0,1.0,0.0,1.0,1.0,0.0,1.0,1.0,1.0,0.0,0.0,0.0,0.0,1.0,0.0,1.0,1.0,0.0,1.0,1.0,0.0,1.0,1.0,1.0,0.0,0.0,0.0,0.0,0.5,0.0,0.5,0.8,0.0,0.8,0.7,0.0,0.7,0.38,0.21,0.17
S-T143.1,1,1,0.19535995620809724,0.18503552011165006,0.010324436096447176,0.21773095088648053,0.24655230483606505,-0.028821353949584516,-0.4498874740409517,0.8598351890799428,-1.3097226631208945,0.6335752430508009,0.5549774065452554,0.07859783650554553,0.5984319315751959,0.5277263007840343,0.07070563079116166,0.5837209302325581,0.5525839793281654,0.031136950904392724,0.5031645569620253,0.7573839662447257,-0.25421940928270037,0.5984319315751959,0.5277263007840343,0.07070563079116166,1.0,0.0,1.0,1.0,0.0,1.0,1.0,1.0,0.0,1.0,1.0,0.0,1.0,1.0,0.0,1.0,0.0,1.0,1.0,0.0,1.0,1.0,1.0,0.0,1.0,1.0,0.0,1.0,1.0,0.0,1.0,0.0,1.0,1.0,0.0,1.0,1.0,0.2,0.8,0.9,0.4,0.5,0.71,0.67,0.039999999999999925
S-T144.1,1,1,-0.10417137306161806,-0.47428271319103216,0.3701113401294141,0.38066559415996093,-0.5435158361781481,0.9241814303381091,0.07927547497250363,0.26339742666242183,-0.18412195168991818,0.4060024009603842,0.19346246973365616,0.21253993122672804,0.4662698412698413,0.17857142857142858,0.2876984126984127,0.3786473266992748,0.262987012987013,0.11566031371226182,0.0,,,0.39984631147540983,0.16916322314049587,0.23068308833491397,0.0,0.0,0.0,0.0,0.0,0.0,0.0,0.0,0.0,0.0,0.0,0.0,1.0,1.0,0.0,0.0,0.0,0.0,0.0,0.0,0.0,1.0,0.0,1.0,1.0,0.0,1.0,1.0,1.0,0.0,0.0,0.0,0.0,0.0,0.0,0.0,0.0,0.0,0.0,0.0,0.0,0.0,0.81,0.71,0.10000000000000009
S-T146.1,1,1,0.1894228347577854,-0.05940781800766838,0.2488306527654538,0.2283726570086485,-0.08086384719160003,0.3092365042002485,-0.7707664717279803,0.6841105406438407,-1.454877012371821,0.7266042780748664,0.4065855404438081,0.32001873763105826,0.5188492063492063,0.5697064989517819,-0.050857292602575654,0.702247191011236,0.29585798816568043,0.4063892028455556,0.0,,,0.6596747226022192,0.45637254901960783,0.20330217358261132,1.0,0.0,1.0,1.0,0.0,1.0,1.0,0.0,1.0,1.0,0.0,1.0,1.0,1.0,0.0,0.0,0.0,0.0,0.0,0.0,0.0,0.0,0.0,0.0,0.0,0.0,0.0,1.0,1.0,0.0,1.0,0.0,1.0,1.0,0.0,1.0,1.0,0.0,1.0,0.7,0.0,0.7,0.36,0.28,0.07999999999999996
S-T146.2,1,1,-0.2504745143398062,0.05034779416290698,-0.3008223085027132,-0.3205679364231995,-0.06645558703024676,-0.2541123493929527,0.0474219346314206,-0.40572099629104297,0.45314293092246355,0.0,,,0.0,,,0.0,,,0.0,,,0.0,,,0.0,0.0,0.0,0.0,0.0,0.0,0.0,0.0,0.0,0.0,0.0,0.0,0.0,0.0,0.0,0.0,0.0,0.0,0.0,0.0,0.0,0.0,0.0,0.0,0.0,0.0,0.0,0.0,0.0,0.0,0.0,0.0,0.0,0.0,0.0,0.0,0.0,0.0,0.0,0.0,0.0,0.0,0.0,0.0,0.0
S-T146.3,1,1,0.27558077462355,-0.05547674795493317,0.3310575225784832,0.1843697465448552,-0.11598255239020884,0.30035229893506404,0.2723516261021961,-0.5273512095441415,0.7997028356463376,0.6542145593869731,0.2620481927710843,0.39216636661588883,0.7060280759702725,0.33160173160173156,0.37442634436854094,0.0,,,0.0,,,0.7060280759702725,0.33160173160173156,0.37442634436854094,0.0,0.0,0.0,0.0,0.0,0.0,0.0,0.0,0.0,0.0,0.0,0.0,1.0,1.0,0.0,0.0,0.0,0.0,1.0,0.0,1.0,1.0,0.0,1.0,1.0,0.0,1.0,1.0,1.0,0.0,0.0,0.0,0.0,0.5,0.0,0.5,0.2,0.0,0.2,0.1,0.0,0.1,0.05,0.02,0.030000000000000002
S-T151.1,1,1,0.5413850234752777,0.758791780760929,-0.2174067572856513,0.5003223014257585,0.6618050589331672,-0.1614827575074087,0.856909277976177,-0.30280022916826344,1.1597095071444405,0.7880235706322662,0.8998248128682911,-0.11180124223602483,0.7726315789473684,0.908825910931174,-0.1361943319838056,0.7754103535353536,0.9075126262626263,-0.1321022727272727,0.8273593073593073,0.9058008658008658,-0.07844155844155853,0.7818969667790082,0.9061145883485796,-0.12421762156957139,1.0,1.0,0.0,1.0,1.0,0.0,1.0,1.0,0.0,1.0,1.0,0.0,1.0,1.0,0.0,1.0,1.0,0.0,1.0,1.0,0.0,1.0,1.0,0.0,1.0,1.0,0.0,1.0,1.0,0.0,1.0,1.0,0.0,1.0,1.0,0.0,1.0,0.8,0.19999999999999996,1.0,0.9,0.09999999999999998,0.77,0.81,-0.040000000000000036
S-T151.2,1,1,0.018811727246662,0.3125449175947885,-0.29373319034812645,0.004481507528808028,-0.060344927093351396,0.06482643462215942,0.0030109164845346413,-0.39217187211063703,0.3951827885951717,0.6458333333333333,0.3766025641025641,0.26923076923076916,0.7421383647798743,0.19496855345911945,0.5471698113207548,0.0,,,0.0,,,0.5796178343949044,0.40552016985138,0.17409766454352443,0.0,0.0,0.0,0.0,0.0,0.0,1.0,1.0,0.0,1.0,1.0,0.0,1.0,1.0,0.0,0.0,0.0,0.0,0.0,0.0,0.0,0.0,0.0,0.0,0.0,0.0,0.0,1.0,0.0,1.0,0.0,0.0,0.0,0.0,0.0,0.0,0.2,0.2,0.0,0.1,0.1,0.0,0.02,0.01,0.01
S-T151.3,1,1,-0.21502756685956922,0.10605237129273647,-0.3210799381523057,-0.15032383570856903,0.07530153105616859,-0.2256253667647376,-0.09197167332985598,0.3626096300955798,-0.4545813034254358,0.31578125,0.7067187500000001,-0.39093750000000005,0.26582278481012656,0.12658227848101267,0.1392405063291139,0.0,,,0.0,,,0.2951167728237792,0.7473460721868366,-0.4522292993630574,0.0,1.0,-1.0,0.0,1.0,-1.0,1.0,1.0,0.0,1.0,1.0,0.0,1.0,1.0,0.0,0.0,0.0,0.0,0.0,0.0,0.0,0.0,0.0,0.0,0.0,0.0,0.0,0.0,0.0,0.0,0.0,0.0,0.0,0.0,0.0,0.0,0.0,0.0,0.0,0.0,0.0,0.0,0.01,0.03,-0.019999999999999997
S-T151.4,1,1,-0.3212225131271018,0.19809231138350858,-0.5193148245106104,-0.37000824167034496,0.2782371981394312,-0.6482454398097761,-0.44352422213069664,0.5351904051260326,-0.9787146272567292,0.0,,,0.0,,,0.0,,,0.0,,,0.0,,,0.0,0.0,0.0,0.0,0.0,0.0,0.0,0.0,0.0,0.0,0.0,0.0,0.0,0.0,0.0,0.0,0.0,0.0,0.0,0.0,0.0,0.0,0.0,0.0,0.0,0.0,0.0,0.0,0.0,0.0,0.0,0.0,0.0,0.0,0.0,0.0,0.0,0.0,0.0,0.0,0.0,0.0,0.0,0.0,0.0
S-T151.5,1,1,0.26729481440523206,0.05292866074504818,0.21436615366018388,0.10555140259466828,-0.02351097433848778,0.12906237693315606,-0.16415667304667547,-0.119683930260252,-0.04447274278642348,0.0,,,0.0,,,0.0,,,0.0,,,0.0,,,0.0,0.0,0.0,0.0,0.0,0.0,0.0,0.0,0.0,0.0,0.0,0.0,0.0,0.0,0.0,0.0,0.0,0.0,0.0,0.0,0.0,0.0,0.0,0.0,0.0,0.0,0.0,0.0,0.0,0.0,0.0,0.0,0.0,0.0,0.0,0.0,0.0,0.0,0.0,0.0,0.0,0.0,0.0,0.0,0.0
S-T152.1,1,1,-0.13048023840769368,0.16841929510981218,-0.29889953351750587,-0.15267265351225048,0.14555404652617537,-0.2982267000384259,-0.44611919223297913,-0.7620490569765762,0.3159298647435971,0.3941441441441441,0.5512566137566137,-0.1571124696124696,0.4048202614379085,0.41568791946308725,-0.01086765802517875,0.42469069392146314,0.6040398450470392,-0.1793491511255761,0.42305555555555563,0.4969381506429884,-0.07388259508743278,0.4324675324675325,0.3755555555555556,0.056911976911976914,0.0,1.0,-1.0,1.0,1.0,0.0,1.0,1.0,0.0,1.0,1.0,0.0,1.0,1.0,0.0,0.0,1.0,-1.0,1.0,1.0,0.0,1.0,1.0,0.0,1.0,1.0,0.0,1.0,1.0,0.0,0.0,1.0,-1.0,0.5,1.0,-0.5,0.8,0.8,0.0,0.9,0.9,0.0,0.89,0.88,0.010000000000000009
S-T153.1,1,1,0.3731483501754535,-0.22148042311841362,0.5946287732938671,0.42052730318893006,-0.18302872305512985,0.6035560262440599,-0.010546146092214534,-0.6227416700786843,0.6121955239864698,0.7207792207792207,0.35105519480519476,0.369724025974026,0.7207792207792207,0.35105519480519476,0.369724025974026,0.7157001414427157,0.4085122797994085,0.30718786164330714,0.6197916666666666,0.4875,0.13229166666666664,0.7207792207792207,0.35105519480519476,0.369724025974026,1.0,0.0,1.0,1.0,0.0,1.0,1.0,1.0,0.0,1.0,1.0,0.0,1.0,1.0,0.0,1.0,0.0,1.0,1.0,0.0,1.0,1.0,1.0,0.0,1.0,1.0,0.0,1.0,1.0,0.0,1.0,0.0,1.0,1.0,0.0,1.0,0.8,0.4,0.4,0.7,0.6,0.09999999999999998,0.78,0.49,0.29000000000000004
S-T154.1,1,1,0.029826546422564007,-0.0746151725663502,0.1044417189889142,0.13931737544380401,-0.0442212530039537,0.1835386284477577,-0.20256047067855631,0.003012051608603068,-0.2055725222871594,0.0,,,0.33939393939393936,0.7012195121951219,-0.36182557280118255,0.0,,,0.0,,,0.33939393939393936,0.7012195121951219,-0.36182557280118255,0.0,0.0,0.0,0.0,0.0,0.0,0.0,0.0,0.0,0.0,0.0,0.0,0.0,0.0,0.0,0.0,0.0,0.0,0.0,0.0,0.0,0.0,0.0,0.0,0.0,0.0,0.0,0.0,1.0,-1.0,0.0,0.0,0.0,0.0,0.0,0.0,0.0,0.0,0.0,0.0,0.0,0.0,0.0,0.01,-0.01
S-T158.1,1,1,0.17988109151638618,-0.23559489015133944,0.4154759816677256,0.06668574195323979,-0.2672535188595501,0.3339392608127899,0.36562384806167564,-0.6792176377399918,1.0448414858016675,0.37236842105263157,0.3407894736842105,0.031578947368421095,0.3870673952641166,0.3242258652094717,0.06284153005464488,0.6657573812580231,0.49582798459563543,0.16992939666238766,0.0,,,0.35177759957230686,0.32264100507885596,0.029136594493450907,1.0,1.0,0.0,1.0,1.0,0.0,1.0,1.0,0.0,1.0,1.0,0.0,1.0,1.0,0.0,1.0,1.0,0.0,1.0,1.0,0.0,1.0,1.0,0.0,1.0,1.0,0.0,1.0,1.0,0.0,1.0,1.0,0.0,1.0,1.0,0.0,1.0,0.6,0.4,1.0,0.6,0.4,0.77,0.77,0.0
S-T159.1,1,1,-0.08504636853625964,0.08188333857886729,-0.16692970711512695,-0.039261836589994124,-0.1571034004385332,0.11784156384853905,-0.018072309651618407,0.19277130295059636,-0.21084361260221476,0.22912,0.31616,-0.08704,0.3955479452054794,0.22602739726027396,0.16952054794520546,0.22775175644028103,0.3439695550351288,-0.1162177985948478,0.0,,,0.34139960758665794,0.13865271419228253,0.2027468933943754,0.0,0.0,0.0,0.0,1.0,-1.0,1.0,1.0,0.0,1.0,1.0,0.0,1.0,1.0,0.0,1.0,0.0,1.0,1.0,1.0,0.0,1.0,1.0,0.0,1.0,1.0,0.0,1.0,1.0,0.0,1.0,0.0,1.0,1.0,0.5,0.5,1.0,0.8,0.19999999999999996,0.9,0.5,0.4,0.91,0.9,0.010000000000000009
S-T159.2,1,1,0.0966411042800465,-0.409301763557459,0.5059428678375055,0.10542285213031788,-0.7604311778661854,0.8658540299965033,-0.48141828747122367,-0.4562901866073002,-0.025128100863923475,0.0,,,0.0,,,0.0,,,0.0,,,0.0,,,0.0,0.0,0.0,0.0,0.0,0.0,0.0,0.0,0.0,0.0,0.0,0.0,0.0,0.0,0.0,0.0,0.0,0.0,0.0,0.0,0.0,0.0,0.0,0.0,0.0,0.0,0.0,0.0,0.0,0.0,0.0,0.0,0.0,0.0,0.0,0.0,0.0,0.0,0.0,0.0,0.0,0.0,0.0,0.0,0.0
S-T159.3,1,1,0.006284055156979111,0.11851405406319168,-0.11222999890621257,-0.18403889836486365,0.08386993809419936,-0.267908836459063,-0.059002339992505655,0.38639562749670076,-0.4453979674892064,0.0,,,0.0,,,0.0,,,0.0,,,0.0,,,0.0,0.0,0.0,0.0,0.0,0.0,0.0,0.0,0.0,0.0,0.0,0.0,0.0,0.0,0.0,0.0,0.0,0.0,0.0,0.0,0.0,0.0,0.0,0.0,0.0,0.0,0.0,0.0,0.0,0.0,0.0,0.0,0.0,0.0,0.0,0.0,0.0,0.0,0.0,0.0,0.0,0.0,0.0,0.0,0.0
S-T159.4,1,1,-0.24281601610689796,0.2359011936518024,-0.47871720975870036,0.011488608017481739,0.4052157214549863,-0.39372711343750455,0.25765239476573937,0.6933605939583705,-0.4357081991926311,0.0,,,0.0,,,0.0,,,0.0,,,0.0,,,0.0,0.0,0.0,0.0,0.0,0.0,0.0,0.0,0.0,0.0,0.0,0.0,0.0,0.0,0.0,0.0,0.0,0.0,0.0,0.0,0.0,0.0,0.0,0.0,0.0,0.0,0.0,0.0,0.0,0.0,0.0,0.0,0.0,0.0,0.0,0.0,0.0,0.0,0.0,0.0,0.0,0.0,0.0,0.0,0.0
S-T159.5,1,1,-0.23233376807475817,-0.19682893569693574,-0.035504832377822426,-0.049122305006570416,-0.08616993544233484,0.03704763043576442,-0.05141839042602484,-0.5759717809665472,0.5245533905405224,0.0,,,0.0,,,0.0,,,0.0,,,0.0,,,0.0,0.0,0.0,0.0,0.0,0.0,0.0,0.0,0.0,0.0,0.0,0.0,0.0,0.0,0.0,0.0,0.0,0.0,0.0,0.0,0.0,0.0,0.0,0.0,0.0,0.0,0.0,0.0,0.0,0.0,0.0,0.0,0.0,0.0,0.0,0.0,0.0,0.0,0.0,0.0,0.0,0.0,0.0,0.0,0.0
S-T159.6,1,1,0.21707726375528436,-0.31218719365745257,0.529264457412737,0.09999387483292715,-0.14049135792324385,0.240485232756171,0.3811765972046187,-0.07635581187142282,0.45753240907604154,0.3124448367166814,0.5198587819947043,-0.20741394527802287,0.38117283950617287,0.49691358024691357,-0.1157407407407407,0.6736111111111112,0.2552910052910053,0.41832010582010587,0.0,,,0.38117283950617287,0.49691358024691357,-0.1157407407407407,0.0,1.0,-1.0,0.0,1.0,-1.0,1.0,1.0,0.0,1.0,1.0,0.0,1.0,1.0,0.0,1.0,1.0,0.0,1.0,1.0,0.0,1.0,1.0,0.0,1.0,1.0,0.0,1.0,1.0,0.0,1.0,1.0,0.0,1.0,1.0,0.0,1.0,1.0,0.0,1.0,1.0,0.0,0.95,0.95,0.0
S-T159.7,1,1,0.08588145757408536,0.08503343576956025,0.0008480218045251037,0.0216411719310274,0.14984738258410057,-0.12820621065307317,-0.23861513139937032,-0.2890479825153256,0.050432851115955274,0.4444444444444444,0.25841750841750843,0.18602693602693599,0.6548323471400394,0.6196581196581196,0.035174227481919784,0.4444444444444444,0.25841750841750843,0.18602693602693599,0.0,,,0.5882231404958678,0.5660377358490566,0.02218540464681118,0.0,0.0,0.0,0.0,0.0,0.0,0.0,0.0,0.0,1.0,0.0,1.0,1.0,1.0,0.0,1.0,1.0,0.0,1.0,1.0,0.0,1.0,1.0,0.0,1.0,1.0,0.0,1.0,1.0,0.0,1.0,1.0,0.0,1.0,1.0,0.0,1.0,1.0,0.0,1.0,1.0,0.0,0.67,0.66,0.010000000000000009
S-T164.1,1,1,0.5148783793846559,0.4755015733342892,0.03937680605036664,0.5174765649111269,0.21673295000507017,0.3007436149060567,-0.5156429983529282,-0.6327694836698067,0.11712648531687853,0.7870689655172414,0.6746626686656672,0.11240629685157422,0.7096059113300491,0.578268419746961,0.13133749158308816,0.529559748427673,0.560126582278481,-0.03056683385080805,0.0,,,0.7641570141570141,0.6375121477162292,0.12664486644078488,1.0,1.0,0.0,1.0,1.0,0.0,1.0,1.0,0.0,1.0,1.0,0.0,1.0,1.0,0.0,1.0,1.0,0.0,1.0,1.0,0.0,1.0,1.0,0.0,1.0,1.0,0.0,1.0,1.0,0.0,1.0,1.0,0.0,1.0,1.0,0.0,1.0,1.0,0.0,1.0,1.0,0.0,0.94,0.91,0.029999999999999916
S-T165.1,1,1,0.06974441900057954,0.28121599018906873,-0.2114715711884892,0.10625067019248421,0.1833757762516395,-0.07712510605915529,0.48506072950780277,0.09159895451936115,0.3934617749884416,0.0,,,0.0,,,0.0,,,0.0,,,0.0,,,0.0,0.0,0.0,0.0,0.0,0.0,0.0,0.0,0.0,0.0,0.0,0.0,0.0,0.0,0.0,0.0,0.0,0.0,0.0,0.0,0.0,0.0,0.0,0.0,0.0,0.0,0.0,0.0,0.0,0.0,0.0,0.0,0.0,0.0,0.0,0.0,0.0,0.0,0.0,0.0,0.0,0.0,0.0,0.0,0.0
S-T166.1,1,1,0.07782481393083257,-0.3763114451716503,0.4541362591024829,0.1866076124020816,-0.3176248316880292,0.5042324440901108,0.2935862434718684,-0.026405282309077186,0.3199915257809456,0.5519113573407202,0.26864501679731245,0.2832663405434077,0.5988430303704528,0.3365168539325843,0.26232617643786854,0.5924515235457064,0.29925477410340007,0.29319674944230634,0.3315508021390374,0.1863799283154122,0.14517087382362523,0.507938282647585,0.24276018099547514,0.26517810165210987,1.0,0.0,1.0,1.0,0.0,1.0,1.0,0.0,1.0,1.0,0.0,1.0,1.0,1.0,0.0,1.0,0.0,1.0,1.0,0.0,1.0,1.0,0.0,1.0,1.0,0.0,1.0,1.0,1.0,0.0,1.0,0.0,1.0,1.0,0.0,1.0,0.4,0.0,0.4,0.3,0.1,0.19999999999999998,0.58,0.39,0.18999999999999995
S-T169.1,1,1,0.2252633277240746,-0.17441188831297624,0.3996752160370508,0.18068509464928437,-0.17940065063465413,0.3600857452839385,-0.02040830901206206,-0.2628425781018659,0.24243426908980384,0.0,,,0.0,,,0.0,,,0.0,,,0.8351063829787234,0.4864864864864865,0.3486198964922369,0.0,0.0,0.0,0.0,0.0,0.0,0.0,0.0,0.0,0.0,0.0,0.0,0.0,0.0,0.0,0.0,0.0,0.0,0.0,0.0,0.0,0.0,0.0,0.0,0.0,0.0,0.0,0.0,0.0,0.0,0.0,0.0,0.0,0.0,0.0,0.0,0.0,0.0,0.0,0.0,0.0,0.0,0.01,0.01,0.0
S-T176.1,1,1,0.050936103245353484,0.1549695467514152,-0.10403344350606171,0.07362472708263983,0.20982974672287,-0.13620501964023018,-0.2183423231399827,-0.46009520307901186,0.24175287993902916,0.5801104972375691,0.5430555555555555,0.03705494168201362,0.652046783625731,0.7302521008403362,-0.07820531721460522,0.0,,,0.0,,,0.6635294117647059,0.7242603550295857,-0.06073094326487982,0.0,0.0,0.0,0.0,0.0,0.0,0.0,0.0,0.0,0.0,0.0,0.0,1.0,1.0,0.0,0.0,0.0,0.0,0.0,0.0,0.0,0.0,0.0,0.0,0.0,0.0,0.0,1.0,1.0,0.0,0.0,0.0,0.0,0.0,0.0,0.0,0.0,0.0,0.0,0.0,0.0,0.0,0.1,0.14,-0.04000000000000001
S-T180.1,1,1,0.31213573888228857,-0.4351751353695072,0.7473108742517958,0.2364130939983374,-0.30602710215599715,0.5424401961543346,0.2793516737126318,0.27989599247621816,-0.0005443187635863489,0.5763975155279503,0.34658385093167704,0.22981366459627323,0.5763975155279503,0.34658385093167704,0.22981366459627323,0.0,,,0.0,,,0.5763975155279503,0.34658385093167704,0.22981366459627323,0.0,0.0,0.0,0.0,0.0,0.0,0.0,0.0,0.0,0.0,0.0,0.0,1.0,1.0,0.0,0.0,0.0,0.0,0.0,0.0,0.0,0.0,0.0,0.0,0.0,0.0,0.0,1.0,1.0,0.0,0.0,0.0,0.0,0.0,0.0,0.0,0.0,0.0,0.0,0.0,0.0,0.0,0.06,0.02,0.039999999999999994
S-T180.2,1,1,0.1807572818727424,-0.08274385992968618,0.26350114180242856,0.15699723992971135,-0.03156268889352243,0.18855992882323377,0.7303164430330479,-0.021196555536781833,0.7515129985698297,0.5721494817239499,0.35733769776322966,0.2148117839607202,0.5703703703703704,0.4934934934934934,0.076876876876877,0.5282530553558591,0.5199137311286844,0.00833932422717465,0.0,,,0.583128078817734,0.49168719211822665,0.09144088669950734,0.0,0.0,0.0,1.0,1.0,0.0,1.0,1.0,0.0,1.0,1.0,0.0,1.0,1.0,0.0,0.0,1.0,-1.0,1.0,1.0,0.0,1.0,1.0,0.0,1.0,1.0,0.0,1.0,1.0,0.0,0.0,0.0,0.0,0.5,0.5,0.0,0.6,0.4,0.19999999999999996,0.8,0.6,0.20000000000000007,0.7,0.61,0.08999999999999997
