chainA_residue,chainA_atom,chainB_residue,chainB_atom,min_heavy_atom_distance_A
ARG98,NH2,ASP33,OD2,2.580
LYS83,NZ,ASP33,OD1,2.597
ARG54,NH2,GLU30,OE2,2.601
GLU97,OE1,ASN34,ND2,2.610
THR77,OG1,ALA23,O,2.629
LYS89,N,ASP51,OD1,2.680
GLU97,OE2,ARG38,NE,2.701
LYS72,NZ,ASP62,OD2,2.706
ALA84,N,GLU30,OE2,2.718
GLN70,OE1,TYR55,OH,2.744
GLY94,O,ARG38,NH2,2.747
GLN92,NE2,SER50,OG,2.769
LYS89,NZ,GLU41,OE2,2.780
ARG98,NE,ASN34,OD1,2.799
ARG88,NH2,TYR55,OH,2.818
ARG98,NH2,GLU30,O,2.821
LYS81,NZ,ARG24,O,2.870
SER74,OG,ILE53,O,2.881
LYS83,NZ,THR29,O,3.200
ARG88,CA,ASP51,OD1,3.225
LYS89,CG,ASP48,O,3.238
SER74,O,TYR54,CE1,3.305
ASN78,CA,ALA25,CB,3.316
LYS89,NZ,PRO47,O,3.354
PHE86,CD1,TYR54,OH,3.355
ASN75,CG,TYR54,CD1,3.402
PHE86,CE1,VAL37,CG2,3.457
THR77,CG2,ARG24,CA,3.480
PHE86,CZ,ASN34,CA,3.500
SER74,CA,ALA23,O,3.510
ASN78,ND2,TYR54,CE1,3.565
LYS72,CG,TYR54,O,3.586
LYS89,CG,SER50,OG,3.612
LYS83,NZ,ALA25,O,3.630
GLN92,OE1,ARG38,NH1,3.637
LYS83,CB,GLU30,CG,3.660
THR77,C,ALA25,CB,3.671
GLY95,O,ASN34,ND2,3.891
PHE86,CZ,ASP33,O,3.905
GLY73,O,ALA23,O,3.983
GLN92,OE1,GLU41,OE2,4.016
LYS89,NZ,GLY49,CA,4.036
LYS83,NZ,GLY27,O,4.053
LYS81,CD,ALA25,CB,4.113
GLY82,O,GLU30,OE1,4.225
LEU23,O,TYR55,OH,4.236
LYS89,NZ,ARG38,NH1,4.285
LYS83,NZ,ALA28,O,4.305
ALA87,C,TYR55,CE2,4.424
SER74,OG,ASP62,OD2,4.450
ALA87,O,ASP51,OD1,4.475
SER74,O,ILE22,O,4.524
LYS72,NZ,PRO56,CD,4.586
PHE86,O,TYR55,CE2,4.626
ASN78,CB,ASP33,OD2,4.632
VAL93,N,ARG38,NH2,4.662
LYS89,NZ,HIS46,O,4.705
LYS72,CB,ILE53,O,4.767
LYS90,N,ASP51,OD1,4.826
TRP58,CD1,GLU30,OE2,4.864
ARG96,O,ARG38,NH2,4.902
GLY73,N,ASP62,OD2,4.914
GLN92,NE2,ASP51,OD1,4.930
THR77,OG1,ILE22,O,4.968
GLN80,OE1,ARG24,O,4.979
GLY95,N,ARG38,NH2,4.990
ASN78,N,ARG24,O,4.991
